DATA_ID,PRED_ID,LOC_ID,LME_NUM,COUNTRY,STATE,GULF_OCTANT,LOCALE_NAME,LOCALE_TYPE,BAY_HIERARC_LEVEL,SAMP_DEP_REALM,LOC_CENTR_LAT,LOC_CENTR_LONG,LOC_POLY_COORDS,PRED_POLY_SHAPEFILE_ID,PRED_CENT_SHAPEFILE_ID,PRED_STAT_SHAPEFILE_ID,LOC_POLY_SOURCE,LOC_POLY_CONF,MAJOR_LOC_NAME,MAJOR_LOC_TYPE,MIN_DEP_LOC,MAX_DEP_LOC,MN_DEP_LOC,MIN_DEP_SAMP,MAX_DEP_SAMP,MN_DEP_SAMP,TIME_ZONE,START_YEAR,START_MON,START_DAY,START_TIME,START_SEAS,END_YEAR,END_MON,END_DAY,END_TIME,END_SEAS,REALM,PROVINCE,ECOREGION,HAB_SYSTEM,HAB_SUBSYSTEM,TIDAL_ZONE,SYS_CONF,LOC_NOTES,ENTRY_DATE,ENTRY_PERSON,EDITED_DATE,DATA_EDITOR,MODIFY_DATE,DATA_MODIFIER
ACT_12k,Rcan.1,,5,US,TX,WNW,Texas Coast Off Port Aransas,Coastal waters,,,,,,NA,NA,NA,NA,NA,Northwest Gulf of Mexico,Gulf/Oean Waters,,,,,,,,1948,6,,,,1948,9,,,,TNA,WTNA,43,Marine,Nearshore,Subtidal,NA,,5/22/17,Michelle Abascal,10/07/2017,James Simons,,
ACT_13b,Iame.1,,5,US,TX,WNW,Port Aransas,Coastal waters,,,,,,NA,NA,NA,NA,NA,Northwest Gulf of Mexico,Gulf/Oean Waters,,,,,,,,,,,,,,,,,,TNA,WTNA,43,Marine,Nearshore,Subtidal,NA,,5/22/17,Michelle Abascal,10/07/2017,James Simons,,
ACT_13b,Iame.2,,5,US,TX,WNW,Port Isabel,Coastal waters,,,,,,NA,NA,NA,NA,NA,Northwest Gulf of Mexico,Gulf/Oean Waters,,,,,,,,,,,,,,,,,,TNA,WTNA,43,Marine,Nearshore,Subtidal,NA,,5/22/17,Michelle Abascal,10/07/2017,James Simons,,
ACT_71m,Opsa.1,,5,US,TX,WNW,7 ½ fanthoms off Port Mansfield,Coastal waters,,,,,,NA,NA,NA,NA,NA,Northwest Gulf of Mexico,Gulf/Oean Waters,,,,,,,,1965,2,,,Winter,1965,2,,,Winter,TNA,WTNA,43,Marine,Nearshore,Subtidal,NA,,5/22/17,Michelle Abascal,10/07/2017,James Simons,,
ACT_16a,Esen.1,,5,US,,WNW,Northern Gulf of Mexico,Continental shelf,,,,,,NA,NA,NA,NA,NA,Northern Gulf of Mexico,Gulf/Oean Waters,,,,,,,,,,,,,,,,,,TNA,WTNA,43,Marine,Nearshore,Subtidal,NA,,5/23/17,Michelle Abascal,10/07/2017,James Simons,,
ACT_6g,Cfab.1,,5,US,TX,NNW,Buccaneer Oil Field,Continental shelf,,,,,,NA,NA,NA,NA,NA,Northwestern Gulf of Mexico,GULF/OCEAN WATERS,,,,,,,,1977,8,,,,1977,8,,,,TNA,WTNA,43,Marine,Nearshore,Subtidal,NA,,06/13/17,Michelle Abascal,,,,
ACT_6g,Cfab.2,,5,US,TX,NNW,Buccaneer Oil Field,Continental shelf,,,,,,NA,NA,NA,NA,NA,Northwestern Gulf of Mexico,Gulf/ocean waters,,,,,,,,1978,3,12,1615,,1978,3,12,1630,,TNA,WTNA,44,Marine,Nearshore,Subtidal,NA,,06/13/17,Michelle Abascal,,,,
ACT_6g,Cfab.3,,5,US,TX,NNW,Buccaneer Oil Field,Continental shelf,,,,,,NA,NA,NA,NA,NA,Northwestern Gulf of Mexico,Gulf/ocean waters,,,,,,,,1978,3,12,1615,,1978,3,12,1630,,TNA,WTNA,45,Marine,Nearshore,Subtidal,NA,,06/13/17,Michelle Abascal,,,,
ACT_6g,Cfab.4,,5,US,TX,NNW,Buccaneer Oil Field,Continental shelf,,,,,,NA,NA,NA,NA,NA,Northwestern Gulf of Mexico,Gulf/ocean waters,,,,,,,,1978,3,12,1615,,1978,3,12,1630,,TNA,WTNA,46,Marine,Nearshore,Subtidal,NA,,06/13/17,Michelle Abascal,,,,
ACT_6g,Cfab.5,,5,US,TX,NNW,Buccaneer Oil Field,Continental shelf,,,,,,NA,NA,NA,NA,NA,Northwestern Gulf of Mexico,Gulf/ocean waters,,,,,,,,1978,3,12,1615,,1978,3,12,1630,,TNA,WTNA,47,Marine,Nearshore,Subtidal,NA,,06/13/17,Michelle Abascal,,,,
ACT_6g,Cfab.6,,5,US,TX,NNW,Buccaneer Oil Field,Continental shelf,,,,,,NA,NA,NA,NA,NA,Northwestern Gulf of Mexico,Gulf/ocean waters,,,,,,,,1978,3,12,1615,,1978,3,12,1630,,TNA,WTNA,48,Marine,Nearshore,Subtidal,NA,,06/13/17,Michelle Abascal,,,,
ACT_6g,Cfab.7,,5,US,TX,NNW,Buccaneer Oil Field,Continental shelf,,,,,,NA,NA,NA,NA,NA,Northwestern Gulf of Mexico,Gulf/ocean waters,,,,,,,,1978,3,12,1615,,1978,3,12,1630,,TNA,WTNA,49,Marine,Nearshore,Subtidal,NA,,06/13/17,Michelle Abascal,,,,
ACT_6g,Cfab.8,,5,US,TX,NNW,Buccaneer Oil Field,Continental shelf,,,,,,NA,NA,NA,NA,NA,Northwestern Gulf of Mexico,Gulf/ocean waters,,,,,,,,1978,3,12,1615,,1978,3,12,1630,,TNA,WTNA,50,Marine,Nearshore,Subtidal,NA,,06/13/17,Michelle Abascal,,,,
ACT_6g,Cfab.9,,5,US,TX,NNW,Buccaneer Oil Field,Continental shelf,,,,,,NA,NA,NA,NA,NA,Northwestern Gulf of Mexico,Gulf/ocean waters,,,,,,,,1978,3,12,1615,,1978,3,12,1630,,TNA,WTNA,51,Marine,Nearshore,Subtidal,NA,,06/13/17,Michelle Abascal,,,,
ACT_6g,Cfab.10,,5,US,TX,NNW,Buccaneer Oil Field,Continental shelf,,,,,,NA,NA,NA,NA,NA,Northwestern Gulf of Mexico,Gulf/ocean waters,,,,,,,,1978,3,12,1615,,1978,3,12,1630,,TNA,WTNA,52,Marine,Nearshore,Subtidal,NA,,06/13/17,Michelle Abascal,,,,
ACT_6g,Cfab.11,,5,US,TX,NNW,Buccaneer Oil Field,Continental shelf,,,,,,NA,NA,NA,NA,NA,Northwestern Gulf of Mexico,Gulf/ocean waters,,,,,,,,1978,3,12,1615,,1978,3,12,1630,,TNA,WTNA,53,Marine,Nearshore,Subtidal,NA,,06/13/17,Michelle Abascal,,,,
ACT_6g,Cfab.12,,5,US,TX,NNW,Buccaneer Oil Field,Continental shelf,,,,,,NA,NA,NA,NA,NA,Northwestern Gulf of Mexico,Gulf/ocean waters,,,,,,,,1978,3,12,1615,,1978,3,12,1630,,TNA,WTNA,54,Marine,Nearshore,Subtidal,NA,,06/13/17,Michelle Abascal,,,,
ACT_6g,Cfab.13,,5,US,TX,NNW,Buccaneer Oil Field,Continental shelf,,,,,,NA,NA,NA,NA,NA,Northwestern Gulf of Mexico,Gulf/ocean waters,,,,,,,,1978,3,12,1615,,1978,3,12,1630,,TNA,WTNA,55,Marine,Nearshore,Subtidal,NA,,06/13/17,Michelle Abascal,,,,
ACT_6g,Cfab.14,,5,US,TX,NNW,Buccaneer Oil Field,Continental shelf,,,,,,NA,NA,NA,NA,NA,Northwestern Gulf of Mexico,Gulf/ocean waters,,,,,,,,1978,3,12,1615,,1978,3,12,1630,,TNA,WTNA,56,Marine,Nearshore,Subtidal,NA,,06/13/17,Michelle Abascal,,,,
ACT_6g,Cfab.15,,5,US,TX,NNW,Buccaneer Oil Field,Continental shelf,,,,,,NA,NA,NA,NA,NA,Northwestern Gulf of Mexico,Gulf/ocean waters,,,,,,,,1978,3,12,1615,,1978,3,12,1630,,TNA,WTNA,57,Marine,Nearshore,Subtidal,NA,,06/13/17,Michelle Abascal,,,,
ACT_6g,Cfab.16,,5,US,TX,NNW,Buccaneer Oil Field,Continental shelf,,,,,,NA,NA,NA,NA,NA,Northwestern Gulf of Mexico,Gulf/ocean waters,,,,,,,,1978,3,12,1615,,1978,3,12,1630,,TNA,WTNA,58,Marine,Nearshore,Subtidal,NA,,06/13/17,Michelle Abascal,,,,
ACT_6g,Cfab.17,,5,US,TX,NNW,Buccaneer Oil Field,Continental shelf,,,,,,NA,NA,NA,NA,NA,Northwestern Gulf of Mexico,Gulf/ocean waters,,,,,,,,1978,3,12,1615,,1978,3,12,1630,,TNA,WTNA,59,Marine,Nearshore,Subtidal,NA,,06/13/17,Michelle Abascal,,,,
ACT_6g,Cfab.18,,5,US,TX,NNW,Buccaneer Oil Field,Continental shelf,,,,,,NA,NA,NA,NA,NA,Northwestern Gulf of Mexico,Gulf/ocean waters,,,,,,,,1978,3,12,1615,,1978,3,12,1630,,TNA,WTNA,60,Marine,Nearshore,Subtidal,NA,,06/13/17,Michelle Abascal,,,,
ACT_6g,Cfab.19,,5,US,TX,NNW,Buccaneer Oil Field,Continental shelf,,,,,,NA,NA,NA,NA,NA,Northwestern Gulf of Mexico,Gulf/ocean waters,,,,,,,,1978,3,12,1615,,1978,3,12,1630,,TNA,WTNA,61,Marine,Nearshore,Subtidal,NA,,06/13/17,Michelle Abascal,,,,
ACT_6g,Cfab.20,,5,US,TX,NNW,Buccaneer Oil Field,Continental shelf,,,,,,NA,NA,NA,NA,NA,Northwestern Gulf of Mexico,Gulf/ocean waters,,,,,,,,1978,3,12,1615,,1978,3,12,1630,,TNA,WTNA,62,Marine,Nearshore,Subtidal,NA,,06/13/17,Michelle Abascal,,,,
ACT_6g,Cfab.21,,5,US,TX,NNW,Buccaneer Oil Field,Continental shelf,,,,,,NA,NA,NA,NA,NA,Northwestern Gulf of Mexico,Gulf/ocean waters,,,,,,,,1978,3,12,1615,,1978,3,12,1630,,TNA,WTNA,63,Marine,Nearshore,Subtidal,NA,,06/13/17,Michelle Abascal,,,,
ACT_6g,Cfab.22,,5,US,TX,NNW,Buccaneer Oil Field,Continental shelf,,,,,,NA,NA,NA,NA,NA,Northwestern Gulf of Mexico,Gulf/ocean waters,,,,,,,,1978,3,13,811,,1978,3,13,841,,TNA,WTNA,64,Marine,Nearshore,Subtidal,NA,,06/13/17,Michelle Abascal,,,,
ACT_6g,Cfab.23,,5,US,TX,NNW,Buccaneer Oil Field,Continental shelf,,,,,,NA,NA,NA,NA,NA,Northwestern Gulf of Mexico,Gulf/ocean waters,,,,,,,,1978,3,13,811,,1978,3,13,841,,TNA,WTNA,65,Marine,Nearshore,Subtidal,NA,,06/13/17,Michelle Abascal,,,,
ACT_6g,Cfab.24,,5,US,TX,NNW,Buccaneer Oil Field,Continental shelf,,,,,,NA,NA,NA,NA,NA,Northwestern Gulf of Mexico,Gulf/ocean waters,,,,,,,,1978,3,13,811,,1978,3,13,841,,TNA,WTNA,66,Marine,Nearshore,Subtidal,NA,,06/13/17,Michelle Abascal,,,,
ACT_6g,Cfab.25,,5,US,TX,NNW,Buccaneer Oil Field,Continental shelf,,,,,,NA,NA,NA,NA,NA,Northwestern Gulf of Mexico,Gulf/ocean waters,,,,,,,,1978,3,13,811,,1978,3,13,841,,TNA,WTNA,67,Marine,Nearshore,Subtidal,NA,,06/13/17,Michelle Abascal,,,,
ACT_6g,Cfab.26,,5,US,TX,NNW,Buccaneer Oil Field,Continental shelf,,,,,,NA,NA,NA,NA,NA,Northwestern Gulf of Mexico,Gulf/ocean waters,,,,,,,,1978,3,13,811,,1978,3,13,841,,TNA,WTNA,68,Marine,Nearshore,Subtidal,NA,,06/13/17,Michelle Abascal,,,,
ACT_6g,Cfab.27,,5,US,TX,NNW,Buccaneer Oil Field,Continental shelf,,,,,,NA,NA,NA,NA,NA,Northwestern Gulf of Mexico,Gulf/ocean waters,,,,,,,,1978,3,13,811,,1978,3,13,841,,TNA,WTNA,69,Marine,Nearshore,Subtidal,NA,,06/13/17,Michelle Abascal,,,,
ACT_6g,Cfab.28,,5,US,TX,NNW,Buccaneer Oil Field,Continental shelf,,,,,,NA,NA,NA,NA,NA,Northwestern Gulf of Mexico,Gulf/ocean waters,,,,,,,,1978,3,13,811,,1978,3,13,841,,TNA,WTNA,70,Marine,Nearshore,Subtidal,NA,,06/13/17,Michelle Abascal,,,,
ACT_6g,Cfab.29,,5,US,TX,NNW,Buccaneer Oil Field,Continental shelf,,,,,,NA,NA,NA,NA,NA,Northwestern Gulf of Mexico,Gulf/ocean waters,,,,,,,,1978,3,13,811,,1978,3,13,841,,TNA,WTNA,71,Marine,Nearshore,Subtidal,NA,,06/13/17,Michelle Abascal,,,,
ACT_6g,Cfab.30,,5,US,TX,NNW,Buccaneer Oil Field,Continental shelf,,,,,,NA,NA,NA,NA,NA,Northwestern Gulf of Mexico,Gulf/ocean waters,,,,,,,,1978,3,13,811,,1978,3,13,841,,TNA,WTNA,72,Marine,Nearshore,Subtidal,NA,,06/13/17,Michelle Abascal,,,,
ACT_6g,Cfab.31,,5,US,TX,NNW,Buccaneer Oil Field,Continental shelf,,,,,,NA,NA,NA,NA,NA,Northwestern Gulf of Mexico,Gulf/ocean waters,,,,,,,,1978,3,13,811,,1978,3,13,841,,TNA,WTNA,73,Marine,Nearshore,Subtidal,NA,,06/13/17,Michelle Abascal,,,,
ACT_6g,Cfab.32,,5,US,TX,NNW,Buccaneer Oil Field,Continental shelf,,,,,,NA,NA,NA,NA,NA,Northwestern Gulf of Mexico,Gulf/ocean waters,,,,,,,,1978,3,13,811,,1978,3,13,841,,TNA,WTNA,74,Marine,Nearshore,Subtidal,NA,,06/13/17,Michelle Abascal,,,,
ACT_6g,Cfab.33,,5,US,TX,NNW,Buccaneer Oil Field,Continental shelf,,,,,,NA,NA,NA,NA,NA,Northwestern Gulf of Mexico,Gulf/ocean waters,,,,,,,,1978,3,13,811,,1978,3,13,841,,TNA,WTNA,75,Marine,Nearshore,Subtidal,NA,,06/13/17,Michelle Abascal,,,,
ACT_6g,Cfab.34,,5,US,TX,NNW,Buccaneer Oil Field,Continental shelf,,,,,,NA,NA,NA,NA,NA,Northwestern Gulf of Mexico,Gulf/ocean waters,,,,,,,,1978,3,13,811,,1978,3,13,841,,TNA,WTNA,76,Marine,Nearshore,Subtidal,NA,,06/13/17,Michelle Abascal,,,,
ACT_6g,Cfab.35,,5,US,TX,NNW,Buccaneer Oil Field,Continental shelf,,,,,,NA,NA,NA,NA,NA,Northwestern Gulf of Mexico,Gulf/ocean waters,,,,,,,,1978,3,13,811,,1978,3,13,841,,TNA,WTNA,77,Marine,Nearshore,Subtidal,NA,,06/13/17,Michelle Abascal,,,,
ACT_6g,Cfab.36,,5,US,TX,NNW,Buccaneer Oil Field,Continental shelf,,,,,,NA,NA,NA,NA,NA,Northwestern Gulf of Mexico,Gulf/ocean waters,,,,,,,,1978,3,13,811,,1978,3,13,841,,TNA,WTNA,78,Marine,Nearshore,Subtidal,NA,,06/13/17,Michelle Abascal,,,,
ACT_6g,Cfab.37,,5,US,TX,NNW,Buccaneer Oil Field,Continental shelf,,,,,,NA,NA,NA,NA,NA,Northwestern Gulf of Mexico,Gulf/ocean waters,,,,,,,,1978,3,13,811,,1978,3,13,841,,TNA,WTNA,79,Marine,Nearshore,Subtidal,NA,,06/13/17,Michelle Abascal,,,,
ACT_6g,Cfab.38,,5,US,TX,NNW,Buccaneer Oil Field,Continental shelf,,,,,,NA,NA,NA,NA,NA,Northwestern Gulf of Mexico,Gulf/ocean waters,,,,,,,,1978,3,13,811,,1978,3,13,841,,TNA,WTNA,80,Marine,Nearshore,Subtidal,NA,,06/13/17,Michelle Abascal,,,,
ACT_6g,Cfab.39,,5,US,TX,NNW,Buccaneer Oil Field,Continental shelf,,,,,,NA,NA,NA,NA,NA,Northwestern Gulf of Mexico,Gulf/ocean waters,,,,,,,,1978,3,15,1207,,1978,3,15,1222,,TNA,WTNA,81,Marine,Nearshore,Subtidal,NA,,06/13/17,Michelle Abascal,,,,
ACT_6g,Cfab.40,,5,US,TX,NNW,Buccaneer Oil Field,Continental shelf,,,,,,NA,NA,NA,NA,NA,Northwestern Gulf of Mexico,Gulf/ocean waters,,,,,,,,1978,3,15,1207,,1978,3,15,1222,,TNA,WTNA,82,Marine,Nearshore,Subtidal,NA,,06/13/17,Michelle Abascal,,,,
ACT_6g,Cfab.41,,5,US,TX,NNW,Buccaneer Oil Field,Continental shelf,,,,,,NA,NA,NA,NA,NA,Northwestern Gulf of Mexico,Gulf/ocean waters,,,,,,,,1978,3,15,1207,,1978,3,15,1222,,TNA,WTNA,83,Marine,Nearshore,Subtidal,NA,,06/13/17,Michelle Abascal,,,,
ACT_6g,Cfab.42,,5,US,TX,NNW,Buccaneer Oil Field,Continental shelf,,,,,,NA,NA,NA,NA,NA,Northwestern Gulf of Mexico,Gulf/ocean waters,,,,,,,,1978,3,15,1207,,1978,3,15,1222,,TNA,WTNA,84,Marine,Nearshore,Subtidal,NA,,06/13/17,Michelle Abascal,10/07/2017,James Simons,,
ACT_6g,Cfab.43,,5,US,TX,NNW,Buccaneer Oil Field,Continental shelf,,,,,,NA,NA,NA,NA,NA,Northwestern Gulf of Mexico,Gulf/ocean waters,,,,,,,,1978,3,15,1207,,1978,3,15,1222,,TNA,WTNA,85,Marine,Nearshore,Subtidal,NA,,06/13/17,Michelle Abascal,10/07/2017,James Simons,,
ACT_6g,Cfab.44,,5,US,TX,NNW,Buccaneer Oil Field,Continental shelf,,,,,,NA,NA,NA,NA,NA,Northwestern Gulf of Mexico,Gulf/ocean waters,,,,,,,,1978,3,15,1207,,1978,3,15,1222,,TNA,WTNA,86,Marine,Nearshore,Subtidal,NA,,06/13/17,Michelle Abascal,10/07/2017,James Simons,,
ACT_6g,Cfab.45,,5,US,TX,NNW,Buccaneer Oil Field,Continental shelf,,,,,,NA,NA,NA,NA,NA,Northwestern Gulf of Mexico,Gulf/ocean waters,,,,,,,,1978,3,15,1207,,1978,3,15,1222,,TNA,WTNA,87,Marine,Nearshore,Subtidal,NA,,06/13/17,Michelle Abascal,10/07/2017,James Simons,,
ACT_6g,Cfab.46,,5,US,TX,NNW,Buccaneer Oil Field,Continental shelf,,,,,,NA,NA,NA,NA,NA,Northwestern Gulf of Mexico,Gulf/ocean waters,,,,,,,,1978,3,15,1207,,1978,3,15,1222,,TNA,WTNA,88,Marine,Nearshore,Subtidal,NA,,06/13/17,Michelle Abascal,10/07/2017,James Simons,,
ACT_6g,Cfab.47,,5,US,TX,NNW,Buccaneer Oil Field,Continental shelf,,,,,,NA,NA,NA,NA,NA,Northwestern Gulf of Mexico,Gulf/ocean waters,,,,,,,,1978,3,15,1207,,1978,3,15,1222,,TNA,WTNA,89,Marine,Nearshore,Subtidal,NA,,06/13/17,Michelle Abascal,10/07/2017,James Simons,,
ACT_6g,Cfab.48,,5,US,TX,NNW,Buccaneer Oil Field,Continental shelf,,,,,,NA,NA,NA,NA,NA,Northwestern Gulf of Mexico,Gulf/ocean waters,,,,,,,,1978,3,15,1207,,1978,3,15,1222,,TNA,WTNA,90,Marine,Nearshore,Subtidal,NA,,06/13/17,Michelle Abascal,10/07/2017,James Simons,,
ACT_6g,Cfab.49,,5,US,TX,NNW,Buccaneer Oil Field,Continental shelf,,,,,,NA,NA,NA,NA,NA,Northwestern Gulf of Mexico,Gulf/ocean waters,,,,,,,,1978,3,15,1207,,1978,3,15,1222,,TNA,WTNA,91,Marine,Nearshore,Subtidal,NA,,06/13/17,Michelle Abascal,10/07/2017,James Simons,,
ACT_6g,Cfab.50,,5,US,TX,NNW,Buccaneer Oil Field,Continental shelf,,,,,,NA,NA,NA,NA,NA,Northwestern Gulf of Mexico,Gulf/ocean waters,,,,,,,,1978,3,15,1207,,1978,3,15,1222,,TNA,WTNA,92,Marine,Nearshore,Subtidal,NA,,06/13/17,Michelle Abascal,10/07/2017,James Simons,,
ACT_6g,Cfab.51,,5,US,TX,NNW,Buccaneer Oil Field,Continental shelf,,,,,,NA,NA,NA,NA,NA,Northwestern Gulf of Mexico,Gulf/ocean waters,,,,,,,,1978,3,15,1207,,1978,3,15,1222,,TNA,WTNA,93,Marine,Nearshore,Subtidal,NA,,06/13/17,Michelle Abascal,10/07/2017,James Simons,,
ACT_6g,Cfab.52,,5,US,TX,NNW,Buccaneer Oil Field,Continental shelf,,,,,,NA,NA,NA,NA,NA,Northwestern Gulf of Mexico,Gulf/ocean waters,,,,,,,,1978,3,15,1207,,1978,3,15,1222,,TNA,WTNA,94,Marine,Nearshore,Subtidal,NA,,06/13/17,Michelle Abascal,10/07/2017,James Simons,,
ACT_6g,Cfab.53,,5,US,TX,NNW,Buccaneer Oil Field,Continental shelf,,,,,,NA,NA,NA,NA,NA,Northwestern Gulf of Mexico,Gulf/ocean waters,,,,,,,,1978,3,15,1207,,1978,3,15,1222,,TNA,WTNA,95,Marine,Nearshore,Subtidal,NA,,06/13/17,Michelle Abascal,10/07/2017,James Simons,,
ACT_6g,Cfab.54,,5,US,TX,NNW,Buccaneer Oil Field,Continental shelf,,,,,,NA,NA,NA,NA,NA,Northwestern Gulf of Mexico,Gulf/ocean waters,,,,,,,,1978,3,15,1207,,1978,3,15,1222,,TNA,WTNA,96,Marine,Nearshore,Subtidal,NA,,06/13/17,Michelle Abascal,10/07/2017,James Simons,,
ACT_6g,Cfab.55,,5,US,TX,NNW,Buccaneer Oil Field,Continental shelf,,,,,,NA,NA,NA,NA,NA,Northwestern Gulf of Mexico,Gulf/ocean waters,,,,,,,,1978,3,15,1207,,1978,3,15,1222,,TNA,WTNA,97,Marine,Nearshore,Subtidal,NA,,06/13/17,Michelle Abascal,10/07/2017,James Simons,,
ACT_6g,Cfab.56,,5,US,TX,NNW,Buccaneer Oil Field,Continental shelf,,,,,,NA,NA,NA,NA,NA,Northwestern Gulf of Mexico,Gulf/ocean waters,,,,,,,,1978,3,15,1207,,1978,3,15,1222,,TNA,WTNA,98,Marine,Nearshore,Subtidal,NA,,06/13/17,Michelle Abascal,10/07/2017,James Simons,,
ACT_6g,Cfab.57,,5,US,TX,NNW,Buccaneer Oil Field,Continental shelf,,,,,,NA,NA,NA,NA,NA,Northwestern Gulf of Mexico,Gulf/ocean waters,,,,,,,,1978,3,15,1207,,1978,3,15,1222,,TNA,WTNA,99,Marine,Nearshore,Subtidal,NA,,06/14/17,Michelle Abascal,10/07/2017,James Simons,,
ACT_6g,Cfab.58,,5,US,TX,NNW,Buccaneer Oil Field,Continental shelf,,,,,,NA,NA,NA,NA,NA,Northwestern Gulf of Mexico,Gulf/ocean waters,,,,,,,,1978,3,15,1207,,1978,3,15,1222,,TNA,WTNA,100,Marine,Nearshore,Subtidal,NA,,06/14/17,Michelle Abascal,10/07/2017,James Simons,,
ACT_6g,Cfab.59,,5,US,TX,NNW,Buccaneer Oil Field,Continental shelf,,,,,,NA,NA,NA,NA,NA,Northwestern Gulf of Mexico,Gulf/ocean waters,,,,,,,,1978,3,15,1207,,1978,3,15,1222,,TNA,WTNA,101,Marine,Nearshore,Subtidal,NA,,06/14/17,Michelle Abascal,10/07/2017,James Simons,,
ACT_6g,Cfab.60,,5,US,TX,NNW,Buccaneer Oil Field,Continental shelf,,,,,,NA,NA,NA,NA,NA,Northwestern Gulf of Mexico,Gulf/ocean waters,,,,,,,,1978,3,15,1207,,1978,3,15,1222,,TNA,WTNA,102,Marine,Nearshore,Subtidal,NA,,06/14/17,Michelle Abascal,10/07/2017,James Simons,,
ACT_6g,Cfab.61,,5,US,TX,NNW,Buccaneer Oil Field,Continental shelf,,,,,,NA,NA,NA,NA,NA,Northwestern Gulf of Mexico,Gulf/ocean waters,,,,,,,,1978,3,15,1207,,1978,3,15,1222,,TNA,WTNA,103,Marine,Nearshore,Subtidal,NA,,06/14/17,Michelle Abascal,10/07/2017,James Simons,,
ACT_6g,Cfab.62,,5,US,TX,NNW,Buccaneer Oil Field,Continental shelf,,,,,,NA,NA,NA,NA,NA,Northwestern Gulf of Mexico,Gulf/ocean waters,,,,,,,,1978,3,15,1207,,1978,3,15,1222,,TNA,WTNA,104,Marine,Nearshore,Subtidal,NA,,06/14/17,Michelle Abascal,10/07/2017,James Simons,,
ACT_6g,Cfab.63,,5,US,TX,NNW,Buccaneer Oil Field,Continental shelf,,,,,,NA,NA,NA,NA,NA,Northwestern Gulf of Mexico,Gulf/ocean waters,,,,,,,,1978,3,15,1207,,1978,3,15,1222,,TNA,WTNA,105,Marine,Nearshore,Subtidal,NA,,06/14/17,Michelle Abascal,10/07/2017,James Simons,,
ACT_6g,Cfab.64,,5,US,TX,NNW,Buccaneer Oil Field,Continental shelf,,,,,,NA,NA,NA,NA,NA,Northwestern Gulf of Mexico,Gulf/ocean waters,,,,,,,,1978,3,15,1207,,1978,3,15,1222,,TNA,WTNA,106,Marine,Nearshore,Subtidal,NA,,06/14/17,Michelle Abascal,10/07/2017,James Simons,,
ACT_6m,Asol.1,,6,US,NC,,Oregon Inlet,Continental shelf,,,,,,NA,NA,NA,NA,NA,,GULF/OCEAN WATERS,,,,,,,,1965,,,,,1965,,,,,TNA,WTNA,42,MARINE,OFFSHORE,SUBTIDAL,NA,,06/05/2017,Michelle Abascal,10/07/2017,James Simons,,
ACT_6m,Asol.1,,6,US,NC,,Hatteras,Continental shelf,,,,,,NA,NA,NA,NA,NA,,GULF/OCEAN WATERS,,,,,,,,1965,,,,,1965,,,,,TNA,WTNA,42,MARINE,OFFSHORE,SUBTIDAL,NA,,06/05/2017,Michelle Abascal,10/07/2017,James Simons,,
ACT_6m,Asol.1,,6,US,NC,,Oregon Inlet,Continental shelf,,,,,,NA,NA,NA,NA,NA,,GULF/OCEAN WATERS,,,,,,,,1966,,,,,1966,,,,,TNA,WTNA,42,MARINE,OFFSHORE,SUBTIDAL,NA,,06/05/2017,Michelle Abascal,10/07/2017,James Simons,,
ACT_6m,Asol.1,,6,US,NC,,Hatteras,Continental shelf,,,,,,NA,NA,NA,NA,NA,,GULF/OCEAN WATERS,,,,,,,,1966,,,,,1966,,,,,TNA,WTNA,42,MARINE,OFFSHORE,SUBTIDAL,NA,,06/05/2017,Michelle Abascal,10/07/2017,James Simons,,
ACT_6m,Asol.1,,6,US,NC,,Oregon Inlet,Continental shelf,,,,,,NA,NA,NA,NA,NA,,GULF/OCEAN WATERS,,,,,,,,1967,,,,,1967,,,,,TNA,WTNA,42,MARINE,OFFSHORE,SUBTIDAL,NA,,06/05/2017,Michelle Abascal,10/07/2017,James Simons,,
ACT_6m,Asol.1,,6,US,NC,,Hatteras,Continental shelf,,,,,,NA,NA,NA,NA,NA,,GULF/OCEAN WATERS,,,,,,,,1967,,,,,1967,,,,,TNA,WTNA,42,MARINE,OFFSHORE,SUBTIDAL,NA,,06/05/2017,Michelle Abascal,10/07/2017,James Simons,,
ACT_6m,Asol.1,,6,US,NC,,Oregon Inlet,Continental shelf,,,,,,NA,NA,NA,NA,NA,,GULF/OCEAN WATERS,,,,,,,,1968,,,,,1968,,,,,TNA,WTNA,42,MARINE,OFFSHORE,SUBTIDAL,NA,,06/05/2017,Michelle Abascal,10/07/2017,James Simons,,
ACT_6m,Asol.1,,6,US,NC,,Hatteras,Continental shelf,,,,,,NA,NA,NA,NA,NA,,GULF/OCEAN WATERS,,,,,,,,1968,,,,,1968,,,,,TNA,WTNA,42,MARINE,OFFSHORE,SUBTIDAL,NA,,06/05/2017,Michelle Abascal,10/07/2017,James Simons,,
ACT_6m,Asol.1,,6,US,NC,,Bimini,Continental shelf,,,,,,NA,NA,NA,NA,NA,,GULF/OCEAN WATERS,,,,,,,,1969,,,,,1969,,,,,TNA,WTNA,42,MARINE,OFFSHORE,SUBTIDAL,NA,,06/05/2017,Michelle Abascal,10/07/2017,James Simons,,
ACT_6m,Asol.1,,6,US,NC,,Oregon Inlet,Continental shelf,,,,,,NA,NA,NA,NA,NA,,GULF/OCEAN WATERS,,,,,,,,1969,,,,,1969,,,,,TNA,WTNA,42,MARINE,OFFSHORE,SUBTIDAL,NA,,06/05/2017,Michelle Abascal,10/07/2017,James Simons,,
ACT_6m,Asol.1,,6,US,NC,,Hatteras,Continental shelf,,,,,,,,,,,,GULF/OCEAN WATERS,,,,,,,,1969,,,,,1969,,,,,TNA,WTNA,42,MARINE,OFFSHORE,SUBTIDAL,NA,,06/05/2017,Michelle Abascal,10/07/2017,James Simons,,
ACT_6m,Asol.1,,6,US,NC,,Oregon Inlet,Continental shelf,,,,,,,,,,,,GULF/OCEAN WATERS,,,,,,,,1970,,,,,1970,,,,,TNA,WTNA,42,MARINE,OFFSHORE,SUBTIDAL,NA,,06/05/2017,Michelle Abascal,10/07/2017,James Simons,,
ACT_6m,Asol.1,,6,US,NC,,Hatteras,Continental shelf,,,,,,,,,,,,GULF/OCEAN WATERS,,,,,,,,1970,,,,,1970,,,,,TNA,WTNA,42,MARINE,OFFSHORE,SUBTIDAL,NA,,06/05/2017,Michelle Abascal,10/07/2017,James Simons,,
ACT_6m,Asol.1,,6,US,NC,,Hatteras,Continental shelf,,,,,,NA,NA,NA,NA,NA,,GULF/OCEAN WATERS,,,,,,,,1971,,,,,1971,,,,,TNA,WTNA,42,MARINE,OFFSHORE,SUBTIDAL,NA,,06/05/2017,Michelle Abascal,10/07/2017,James Simons,,
ACT_6m,Asol.1,,6,US,NC,,Hatteras,Continental shelf,,,,,,NA,NA,NA,NA,NA,,GULF/OCEAN WATERS,,,,,,,,1972,,,,,1972,,,,,TNA,WTNA,42,MARINE,OFFSHORE,SUBTIDAL,NA,,06/05/2017,Michelle Abascal,10/07/2017,James Simons,,
ACT_6m,Asol.2,,6,US,NC,,Oregon Inlet and Hatteras,Continental shelf,,,,,,NA,NA,NA,NA,NA,,GULF/OCEAN WATERS,,,,,,,,1980,,,,,1981,,,,,TNA,WTNA,42,MARINE,OFFSHORE,SUBTIDAL,NA,,06/05/2017,Michelle Abascal,10/07/2017,James Simons,,
ACT_6m,Asol.2,,6,US,NC,,Cape Lookout,Continental shelf,,,,,,NA,NA,NA,NA,NA,,GULF/OCEAN WATERS,,,,,,,,1980,,,,,1981,,,,,TNA,WTNA,42,MARINE,OFFSHORE,SUBTIDAL,NA,,06/05/2017,Michelle Abascal,10/07/2017,James Simons,,
ACT_6m,Asol.2,,6,US,NC,,Cape Fear,Continental shelf,,,,,,NA,NA,NA,NA,NA,,GULF/OCEAN WATERS,,,,,,,,1981,,,,,1981,,,,,TNA,WTNA,42,MARINE,OFFSHORE,SUBTIDAL,NA,,06/05/2017,Michelle Abascal,10/07/2017,James Simons,,
ACT_6m,Asol.2,,6,US,GA,,Georgia,Continental shelf,,,,,,NA,NA,NA,NA,NA,,GULF/OCEAN WATERS,,,,,,,,1981,,,,,1981,,,,,TNA,WTNA,70,MARINE,OFFSHORE,SUBTIDAL,NA,,06/05/2017,Michelle Abascal,10/07/2017,James Simons,,
ACT_6m,Asol.2,,6,US,FL,,East Coast Florida,Continental shelf,,,,,,NA,NA,NA,NA,NA,,GULF/OCEAN WATERS,,,,,,,,1980,,,,,1980,,,,,TNA,WTNA,70,MARINE,OFFSHORE,SUBTIDAL,NA,,06/05/2017,Michelle Abascal,10/07/2017,James Simons,,
ACT_6m,Asol.2,,6,US,FL,,South Florida (Keys),Continental shelf,,,,,,NA,NA,NA,NA,NA,,GULF/OCEAN WATERS,,,,,,,,1980,,,,,1981,,,,,TNA,WTNA,70,MARINE,OFFSHORE,SUBTIDAL,NA,,06/05/2017,Michelle Abascal,10/07/2017,James Simons,,
ACT_6m,Asol.3,,5,US,FL,,Northwest Florida,Continental shelf,,,,,,NA,NA,NA,NA,NA,,GULF/OCEAN WATERS,,,,,,,,1980,,,,,1981,,,,,TNA,WTNA,70,MARINE,OFFSHORE,SUBTIDAL,NA,,06/05/2017,Michelle Abascal,10/07/2017,James Simons,,
ACT_6m,Asol.3,,5,US,LA,,Mississippi Delta,Continental shelf,,,,,,NA,NA,NA,NA,NA,,GULF/OCEAN WATERS,,,,,,,,1980,,,,,1980,,,,,TNA,WTNA,43,MARINE,OFFSHORE,SUBTIDAL,NA,,06/05/2017,Michelle Abascal,10/07/2017,James Simons,,
ACT_6m,Asol.3,,5,US,MS,,Mississippi Delta,Continental shelf,,,,,,NA,NA,NA,NA,NA,,GULF/OCEAN WATERS,,,,,,,,1980,,,,,1980,,,,,TNA,WTNA,43,MARINE,OFFSHORE,SUBTIDAL,NA,,06/05/2017,Michelle Abascal,10/07/2017,James Simons,,
ACT_6m,Asol.3,,5,US,TX,,Northeast Texas,Continental shelf,,,,,,NA,NA,NA,NA,NA,,GULF/OCEAN WATERS,,,,,,,,1980,,,,,1980,,,,,TNA,WTNA,43,MARINE,OFFSHORE,SUBTIDAL,NA,,06/05/2017,Michelle Abascal,10/07/2017,James Simons,,
ACT_6m,Asol.3,,5,US,TX,,South Texas,Continental shelf,,,,,,NA,NA,NA,NA,NA,,GULF/OCEAN WATERS,,,,,,,,1980,,,,,1980,,,,,TNA,WTNA,43,MARINE,OFFSHORE,SUBTIDAL,NA,,06/05/2017,Michelle Abascal,10/07/2017,James Simons,,
ACT_5l,Ppor.1,,5,US,TX,,Aransas Pass,Pass,,,,,,NA,NA,NA,NA,NA,Northwest Gulf of Mexico,GULF/OCEAN WATERS,,,,,,,,1964,8,,,,1965,11,,,,TNA,WTNA,43,MARINE,NEARSHORE,SUBTIDAL,NA,,06/07/2017,Michelle Abascal,10/07/2017,James Simons,,
ACT_5l,Ppor.1,,5,US,TX,,Copano Bay,Bay/Lagoon,2,,,,,NA,NA,NA,NA,NA,Northwest Gulf of Mexico,GULF/OCEAN WATERS,,,,,,,,1964,8,,,,1965,11,,,,TNA,WTNA,43,ESTUARINE,COASTAL,SUBTIDAL,NA,,06/07/2017,Michelle Abascal,10/07/2017,James Simons,,
ACT_5l,Ppor.1,,5,US,TX,,Aransas Bay,Bay/Lagoon,1,,,,,NA,NA,NA,NA,NA,Northwest Gulf of Mexico,GULF/OCEAN WATERS,,,,,,,,1964,8,,,,1965,11,,,,TNA,WTNA,43,ESTUARINE,COASTAL,SUBTIDAL,NA,,06/07/2017,Michelle Abascal,10/07/2017,James Simons,,
ACT_5l,Ppor.1,,5,US,TX,,Continental shelf of Texas,Continental shelf,,,,,,NA,NA,NA,NA,NA,Northwest Gulf of Mexico,GULF/OCEAN WATERS,,,,,,,,1964,8,,,,1965,11,,,,TNA,WTNA,43,MARINE,OFFSHORE,SUBTIDAL,NA,,06/07/2017,Michelle Abascal,10/07/2017,James Simons,,
ACT_9m,Chip.1,,6,US,NC,,Cape Hatteras,Continental shelf,,,,,,NA,NA,NA,NA,NA,,GULF/OCEAN WATERS,,,,,,,,1980,4,,,,1981,10,,,,TNA,WTNA,42,MARINE,OFFSHORE,SUBTIDAL,NA,,06/08/2017,Michelle Abascal,10/07/2017,James Simons,,
ACT_9m,Chip.1,,6,US,NC,,Cape Lookout,Continental shelf,,,,,,NA,NA,NA,NA,NA,,GULF/OCEAN WATERS,,,,,,,,1980,4,,,,1981,10,,,,TNA,WTNA,42,MARINE,OFFSHORE,SUBTIDAL,NA,,06/08/2017,Michelle Abascal,10/07/2017,James Simons,,
ACT_9m,Chip.1,,6,US,SC,,South Carolina,Continental shelf,,,,,,NA,NA,NA,NA,NA,,GULF/OCEAN WATERS,,,,,,,,1980,4,,,,1981,10,,,,TNA,WTNA,42,MARINE,OFFSHORE,SUBTIDAL,NA,,06/08/2017,Michelle Abascal,10/07/2017,James Simons,,
ACT_9m,Chip.1,,6,US,GA,,Georgia,Continental shelf,,,,,,NA,NA,NA,NA,NA,,GULF/OCEAN WATERS,,,,,,,,1980,4,,,,1981,10,,,,TNA,WTNA,70,MARINE,OFFSHORE,SUBTIDAL,NA,,06/08/2017,Michelle Abascal,10/07/2017,James Simons,,
ACT_9m,Chip.1,,6,US,FL,,East Central Florida,Continental shelf,,,,,,NA,NA,NA,NA,NA,,GULF/OCEAN WATERS,,,,,,,,1980,4,,,,1981,10,,,,TNA,WTNA,70,MARINE,OFFSHORE,SUBTIDAL,NA,,06/08/2017,Michelle Abascal,10/07/2017,James Simons,,
ACT_9m,Chip.1,,5,US,FL,,South Florida ,Continental shelf,,,,,,NA,NA,NA,NA,NA,,GULF/OCEAN WATERS,,,,,,,,1980,4,,,,1981,10,,,,TNA,WTNA,70,MARINE,OFFSHORE,SUBTIDAL,NA,,06/08/2017,Michelle Abascal,10/07/2017,James Simons,,
ACT_9m,Chip.1,,5,US,FL,,Northwest Florida,Continental shelf,,,,,,NA,NA,NA,NA,NA,,GULF/OCEAN WATERS,,,,,,,,1980,4,,,,1981,10,,,,TNA,WTNA,43,MARINE,OFFSHORE,SUBTIDAL,NA,,06/08/2017,Michelle Abascal,10/07/2017,James Simons,,
ACT_9m,Chip.1,,5,US,MS,,Mississippi Delta,Continental shelf,,,,,,NA,NA,NA,NA,NA,Mississippi-Louisiana,GULF/OCEAN WATERS,,,,,,,,1980,4,,,,1981,10,,,,TNA,WTNA,43,MARINE,OFFSHORE,SUBTIDAL,NA,,06/08/2017,Michelle Abascal,10/07/2017,James Simons,,
ACT_9m,Chip.1,,5,US,TX,,Northeast Texas,Continental shelf,,,,,,NA,NA,NA,NA,NA,Northwest Gulf of Mexico,GULF/OCEAN WATERS,,,,,,,,1980,4,,,,1981,10,,,,TNA,WTNA,43,MARINE,OFFSHORE,SUBTIDAL,NA,,06/08/2017,Michelle Abascal,10/07/2017,James Simons,,
ACT_9m,Chip.1,,5,US,TX,,South Texas,Continental shelf,,,,,,NA,NA,NA,NA,NA,Northwest Gulf of Mexico,GULF/OCEAN WATERS,,,,,,,,1980,4,,,,1981,10,,,,TNA,WTNA,43,MARINE,OFFSHORE,SUBTIDAL,NA,,06/08/2017,Michelle Abascal,10/07/2017,James Simons,,
ACT_23r,Cphi.1,,5,US,TX,NNW,Gulf Off Freeport,Coastal waters,,,,,,NA,NA,NA,NA,NA,Western Gulf of Mexico,Gulf/Ocean waters,,,,,,,,1980,3,,,,1981,4,,,,TNA,WTNA,43,Marine,Nearshore,Subtidal,NA,,06/09/2017,Michelle Abascal,10/07/2017,James Simons,,
ACT_23r,Cphi.1,,5,US,TX,NNW,Gulf Off Freeport,Continental shelf,,,,,,NA,NA,NA,NA,NA,Western Gulf of Mexico,Gulf/Ocean waters,,,,,,,,1980,3,,,,1981,4,,,,TNA,WTNA,43,Marine,Offshore,Subtidal,NA,,06/09/2017,Michelle Abascal,10/07/2017,James Simons,,
ACT_23r,Cphi.2,,5,US,TX,NNW,Gulf Off Freeport,Coastal waters,,,,,,NA,NA,NA,NA,NA,Western Gulf of Mexico,Gulf/Ocean waters,,,,,,,,1980,3,,,,1981,4,,,,TNA,WTNA,43,Marine,Nearshore,Subtidal,NA,,06/09/2017,Michelle Abascal,10/07/2017,James Simons,,
ACT_23r,Cphi.2,,5,US,TX,NNW,Gulf Off Freeport,Continental shelf,,,,,,NA,NA,NA,NA,NA,Western Gulf of Mexico,Gulf/Ocean waters,,,,,,,,1980,3,,,,1981,4,,,,TNA,WTNA,43,Marine,Offshore,Subtidal,NA,,06/09/2017,Michelle Abascal,10/07/2017,James Simons,,
ACT_23r,Cphi.3,,5,US,TX,NNW,Gulf Off Freeport,Coastal waters,,,,,,NA,NA,NA,NA,NA,Western Gulf of Mexico,Gulf/Ocean waters,,,,,,,,1980,3,,,,1981,4,,,,TNA,WTNA,43,Marine,Nearshore,Subtidal,NA,,06/09/2017,Michelle Abascal,10/07/2017,James Simons,,
ACT_23r,Cphi.3,,5,US,TX,NNW,Gulf Off Freeport,Continental shelf,,,,,,NA,NA,NA,NA,NA,Western Gulf of Mexico,Gulf/Ocean waters,,,,,,,,1980,3,,,,1981,4,,,,TNA,WTNA,43,Marine,Offshore,Subtidal,NA,,06/09/2017,Michelle Abascal,10/07/2017,James Simons,,
ACT_23r,Cphi.4,,5,US,TX,NNW,Gulf Off Freeport,Coastal waters,,,,,,NA,NA,NA,NA,NA,Western Gulf of Mexico,Gulf/Ocean waters,,,,,,,,1980,3,,,,1981,4,,,,TNA,WTNA,43,Marine,Nearshore,Subtidal,NA,,06/09/2017,Michelle Abascal,10/07/2017,James Simons,,
ACT_23r,Cphi.4,,5,US,TX,NNW,Gulf Off Freeport,Continental shelf,,,,,,NA,NA,NA,NA,NA,Western Gulf of Mexico,Gulf/Ocean waters,,,,,,,,1980,3,,,,1981,4,,,,TNA,WTNA,43,Marine,Offshore,Subtidal,NA,,06/09/2017,Michelle Abascal,10/07/2017,James Simons,,
ACT_23r,Cphi.5,,5,US,TX,NNW,Gulf Off Freeport,Coastal waters,,,,,,NA,NA,NA,NA,NA,Western Gulf of Mexico,Gulf/Ocean waters,,,,,,,,1980,3,,,,1981,4,,,,TNA,WTNA,43,Marine,Nearshore,Subtidal,NA,,06/09/2017,Michelle Abascal,10/07/2017,James Simons,,
ACT_23r,Cphi.5,,5,US,TX,NNW,Gulf Off Freeport,Continental shelf,,,,,,NA,NA,NA,NA,NA,Western Gulf of Mexico,Gulf/Ocean waters,,,,,,,,1980,3,,,,1981,4,,,,TNA,WTNA,43,Marine,Offshore,Subtidal,NA,,06/09/2017,Michelle Abascal,10/07/2017,James Simons,,
ACT_23r,Cphi.6,,5,US,TX,NNW,Gulf Off Freeport,Coastal waters,,,,,,NA,NA,NA,NA,NA,Western Gulf of Mexico,Gulf/Ocean waters,,,,,,,,1980,3,,,,1981,4,,,,TNA,WTNA,43,Marine,Nearshore,Subtidal,NA,,06/09/2017,Michelle Abascal,10/07/2017,James Simons,,
ACT_23r,Cphi.6,,5,US,TX,NNW,Gulf Off Freeport,Continental shelf,,,,,,NA,NA,NA,NA,NA,Western Gulf of Mexico,Gulf/Ocean waters,,,,,,,,1980,3,,,,1981,4,,,,TNA,WTNA,43,Marine,Offshore,Subtidal,NA,,06/09/2017,Michelle Abascal,10/07/2017,James Simons,,
ACT_23r,Cphi.7,,5,US,TX,NNW,Gulf Off Freeport,Coastal waters,,,,,,NA,NA,NA,NA,NA,Western Gulf of Mexico,Gulf/Ocean waters,,,,,,,,1980,3,,,,1981,4,,,,TNA,WTNA,43,Marine,Nearshore,Subtidal,NA,,06/09/2017,Michelle Abascal,10/07/2017,James Simons,,
ACT_23r,Cphi.7,,5,US,TX,NNW,Gulf Off Freeport,Continental shelf,,,,,,NA,NA,NA,NA,NA,Western Gulf of Mexico,Gulf/Ocean waters,,,,,,,,1980,3,,,,1981,4,,,,TNA,WTNA,43,Marine,Offshore,Subtidal,NA,,06/09/2017,Michelle Abascal,10/07/2017,James Simons,,
ACT_23r,Cphi.8,,5,US,TX,NNW,Gulf Off Freeport,Coastal waters,,,,,,NA,NA,NA,NA,NA,Western Gulf of Mexico,Gulf/Ocean waters,,,,,,,,1980,3,,,,1981,4,,,,TNA,WTNA,43,Marine,Nearshore,Subtidal,NA,,06/09/2017,Michelle Abascal,10/07/2017,James Simons,,
ACT_23r,Cphi.8,,5,US,TX,NNW,Gulf Off Freeport,Continental shelf,,,,,,NA,NA,NA,NA,NA,Western Gulf of Mexico,Gulf/Ocean waters,,,,,,,,1980,3,,,,1981,4,,,,TNA,WTNA,43,Marine,Offshore,Subtidal,NA,,06/09/2017,Michelle Abascal,10/07/2017,James Simons,,
ACT_23r,Cphi.9,,5,US,TX,NNW,Gulf Off Freeport,Coastal waters,,,,,,NA,NA,NA,NA,NA,Western Gulf of Mexico,Gulf/Ocean waters,,,,,,,,1980,3,,,,1981,4,,,,TNA,WTNA,43,Marine,Nearshore,Subtidal,NA,,06/09/2017,Michelle Abascal,10/07/2017,James Simons,,
ACT_23r,Cphi.9,,5,US,TX,NNW,Gulf Off Freeport,Continental shelf,,,,,,NA,NA,NA,NA,NA,Western Gulf of Mexico,Gulf/Ocean waters,,,,,,,,1980,3,,,,1981,4,,,,TNA,WTNA,43,Marine,Offshore,Subtidal,NA,,06/09/2017,Michelle Abascal,10/07/2017,James Simons,,
ACT_23r,Cphi.10,,5,US,TX,NNW,Gulf Off Freeport,Coastal waters,,,,,,NA,NA,NA,NA,NA,Western Gulf of Mexico,Gulf/Ocean waters,,,,,,,,1980,3,,,,1981,4,,,,TNA,WTNA,43,Marine,Nearshore,Subtidal,NA,,06/09/2017,Michelle Abascal,10/07/2017,James Simons,,
ACT_23r,Cphi.10,,5,US,TX,NNW,Gulf Off Freeport,Continental shelf,,,,,,NA,NA,NA,NA,NA,Western Gulf of Mexico,Gulf/Ocean waters,,,,,,,,1980,3,,,,1981,4,,,,TNA,WTNA,43,Marine,Offshore,Subtidal,NA,,06/09/2017,Michelle Abascal,10/07/2017,James Simons,,
ACT_23r,Cphi.11,,5,US,TX,NNW,Gulf Off Freeport,Coastal waters,,,,,,NA,NA,NA,NA,NA,Western Gulf of Mexico,Gulf/Ocean waters,,,,,,,,1980,3,,,,1981,4,,,,TNA,WTNA,43,Marine,Nearshore,Subtidal,NA,,06/09/2017,Michelle Abascal,10/07/2017,James Simons,,
ACT_23r,Cphi.12,,5,US,TX,NNW,Gulf Off Freeport,Continental shelf,,,,,,NA,NA,NA,NA,NA,Western Gulf of Mexico,Gulf/Ocean waters,,,,,,,,1980,3,,,,1981,4,,,,TNA,WTNA,43,Marine,Offshore,Subtidal,NA,,06/09/2017,Michelle Abascal,10/07/2017,James Simons,,
ACT_27p,Hacu.1,,5,US,TX,WNW,Texas Continental Shelf,Continental shelf,,,,,,NA,NA,NA,NA,NA,NORTHERN GULF OF MEXICO,GULF/OCEAN WATERS,,,,,,38,,1971,6,4,,,1971,6,4,,,TNA,WTNA,43,MARINE ,OFFSHORE,SUBTIDAL,NA,,5/24/17,Michelle Abascal,10/07/2017,James Simons,,
ACT_27p,Cnot.1,,5,US,TX,WNW,Texas Continental Shelf,Continental shelf,,,,,,NA,NA,NA,NA,NA,NORTHERN GULF OF MEXICO,GULF/OCEAN WATERS,,,,,,20,,1973,2,1,,,1973,2,1,,,TNA,WTNA,43,MARINE ,NEARSHORE,SUBTIDAL,NA,,5/24/17,Michelle Abascal,10/07/2017,James Simons,,
ACT_27p,Cphi.1,,5,US,TX,WNW,Texas Continental Shelf,Continental shelf,,,,,,NA,NA,NA,NA,NA,NORTHERN GULF OF MEXICO,GULF/OCEAN WATERS,,,,,,17,,1971,7,14,,,1971,7,14,,,TNA,WTNA,43,MARINE ,NEARSHORE,SUBTIDAL,NA,,5/24/17,Michelle Abascal,10/07/2017,James Simons,,
ACT_27p,Cspi.1,,5,US,TX,WNW,Texas Continental Shelf,Continental shelf,,,,,,NA,NA,NA,NA,NA,NORTHERN GULF OF MEXICO,GULF/OCEAN WATERS,,,,,,17,,1971,7,15,,,1971,7,15,,,TNA,WTNA,43,MARINE ,NEARSHORE,SUBTIDAL,NA,,5/24/17,Michelle Abascal,10/07/2017,James Simons,,
ACT_27p,Ecro.1,,5,US,TX,WNW,Texas Continental Shelf,Continental shelf,,,,,,NA,NA,NA,NA,NA,NORTHERN GULF OF MEXICO,GULF/OCEAN WATERS,,,,,,17,,1971,7,15,,,1971,7,15,,,TNA,WTNA,43,MARINE ,NEARSHORE,SUBTIDAL,NA,,5/24/17,Michelle Abascal,10/07/2017,James Simons,,
ACT_27p,Cneb.1,,5,US,TX,WNW,Texas Continental Shelf,Continental shelf,,,,,,NA,NA,NA,NA,NA,NORTHERN GULF OF MEXICO,GULF/OCEAN WATERS,,,,,,17,,1971,7,15,,,1971,7,15,,,TNA,WTNA,43,MARINE ,NEARSHORE,SUBTIDAL,NA,,5/24/17,Michelle Abascal,10/07/2017,James Simons,,
ACT_27p,Hacu.2,,5,US,LA,NNW,Texas Continental Shelf,Continental shelf,,,,,,NA,NA,NA,NA,NA,NORTHERN GULF OF MEXICO,GULF/OCEAN WATERS,,,,,,37,,1972,6,22,,,1972,6,22,,,TNA,WTNA,43,MARINE ,OFFSHORE,SUBTIDAL,NA,,5/24/17,Michelle Abascal,10/07/2017,James Simons,,
ACT_27p,Hacu.3,,5,US,LA,NNE,Texas Continental Shelf,Continental shelf,,,,,,NA,NA,NA,NA,NA,NORTHERN GULF OF MEXICO,GULF/OCEAN WATERS,,,,,,92,,1972,6,23,,,1972,6,23,,,TNA,WTNA,43,MARINE ,OFFSHORE,SUBTIDAL,NA,,5/24/17,Michelle Abascal,10/07/2017,James Simons,,
ACT_27p,Lbre.1,,5,US,LA,NNE,Texas Continental Shelf,Continental shelf,,,,,,NA,NA,NA,NA,NA,NORTHERN GULF OF MEXICO,GULF/OCEAN WATERS,,,,,,37,,1972,6,24,,,1972,6,24,,,TNA,WTNA,43,MARINE ,OFFSHORE,SUBTIDAL,NA,,5/24/17,Michelle Abascal,10/07/2017,James Simons,,
ACT_27p,Ppor.1,,5,US,LA,NNE,Texas Continental Shelf,Continental shelf,,,,,,NA,NA,NA,NA,NA,NORTHERN GULF OF MEXICO,GULF/OCEAN WATERS,,,,,,37,,1972,6,24,,,1972,6,24,,,TNA,WTNA,43,MARINE ,OFFSHORE,SUBTIDAL,NA,,5/24/17,Michelle Abascal,10/07/2017,James Simons,,
ACT_10w,Creg.1,,6,US,MA,,Acushnet River,River,,,,,,NA,NA,NA,NA,NA,,RIVERINE ECOSYSTEM,,,,,,,,1882,9,8,,,1882,9,8,,,TNA,WTNA,40,MARINE ,NEARSHORE,SUBTIDAL,NA,,5/31/17,Michelle Abascal,10/07/2017,James Simons,,
ACT_10w,Creg.2,,6,US,NJ,,Cape May,Coastal waters,,,,,,NA,NA,NA,NA,NA,,GULF/OCEAN WATERS,,,,,,,,1919,5,22,,,1919,5,22,,,TNA,WTNA,40,MARINE ,NEARSHORE,SUBTIDAL,NA,,5/31/17,Michelle Abascal,10/07/2017,James Simons,,
ACT_10w,Creg.3,,6,US,NJ,,Cape May,Coastal waters,,,,,,NA,NA,NA,NA,NA,,GULF/OCEAN WATERS,,,,,,,,1916,8,8,,,1916,8,8,,,TNA,WTNA,40,MARINE ,NEARSHORE,SUBTIDAL,NA,,5/31/17,Michelle Abascal,10/07/2017,James Simons,,
ACT_10w,Creg.4,,6,US,VA,,Cape Charles,Coastal waters,,,,,,NA,NA,NA,NA,NA,,GULF/OCEAN WATERS,,,,,,,,1916,9,12,,,1916,9,12,,,TNA,WTNA,41,MARINE ,NEARSHORE,SUBTIDAL,NA,,5/31/17,Michelle Abascal,10/07/2017,James Simons,,
ACT_10w,Creg.5,,6,US,NC,,Southport,Coastal waters,,,,,,NA,NA,NA,NA,NA,,GULF/OCEAN WATERS,,,,,,,,1919,12,10,,,1919,12,10,,,TNA,WTNA,42,MARINE ,NEARSHORE,SUBTIDAL,NA,,5/31/17,Michelle Abascal,10/07/2017,James Simons,,
ACT_10w,Creg.6,,6,US,SC,,Cape Lookout Bight,Coastal waters,,,,,,NA,NA,NA,NA,NA,,GULF/OCEAN WATERS,,,,,,,,1919,12,13,,,1919,12,13,,,TNA,WTNA,42,MARINE ,NEARSHORE,SUBTIDAL,NA,,5/31/17,Michelle Abascal,10/07/2017,James Simons,,
ACT_10w,Creg.7,,6,US,FL,,Winyah Bay,Bay/Lagoon,,,,,,NA,NA,NA,NA,NA,,BAY/LAGOON ECOSYSTEM,,,,,,,,1915,7,10,,,1915,7,10,,,TNA,WTNA,70,MARINE ,NEARSHORE,SUBTIDAL,NA,,5/31/17,Michelle Abascal,10/07/2017,James Simons,,
ACT_10w,Creg.8,,6,US,FL,,Fernandina,Coastal waters,,,,,,NA,NA,NA,NA,NA,,GULF/OCEAN WATERS,,,,,,,,1920,3,,,,1920,3,,,,TNA,WTNA,70,MARINE ,NEARSHORE,SUBTIDAL,NA,,5/31/17,Michelle Abascal,10/07/2017,James Simons,,
ACT_10w,Creg.9,,6,US,FL,,Fernandina,Coastal waters,,,,,,NA,NA,NA,NA,NA,,GULF/OCEAN WATERS,,,,,,,,1919,12,6,,,1919,12,6,,,TNA,WTNA,70,MARINE ,NEARSHORE,SUBTIDAL,NA,,5/31/17,Michelle Abascal,10/07/2017,James Simons,,
ACT_10w,Creg.10,,6,US,NC,,Beaufort,Coastal waters,,,,,,NA,NA,NA,NA,NA,,GULF/OCEAN WATERS,,,,,,,,,,,,,,,,,,TNA,WTNA,40,MARINE ,NEARSHORE,SUBTIDAL,NA,,5/31/17,Michelle Abascal,10/07/2017,James Simons,,
ACT_10w,Creg.11,,6,US,NC,,Beaufort,Coastal waters,,,,,,NA,NA,NA,NA,NA,,GULF/OCEAN WATERS,,,,,,,,,,,,,,,,,,TNA,WTNA,40,MARINE ,NEARSHORE,SUBTIDAL,NA,,5/31/17,Michelle Abascal,10/07/2017,James Simons,,
ACT_10w,Creg.12,,6,US,NC,,Beaufort,Coastal waters,,,,,,NA,NA,NA,NA,NA,,GULF/OCEAN WATERS,,,,,,,,,,,,,,,,,,TNA,WTNA,40,MARINE ,NEARSHORE,SUBTIDAL,NA,,5/31/17,Michelle Abascal,10/07/2017,James Simons,,
ACT_10w,Creg.13,,6,US,NC,,Beaufort,Coastal waters,,,,,,NA,NA,NA,NA,NA,,GULF/OCEAN WATERS,,,,,,,,,,,,,,,,,,TNA,WTNA,40,MARINE ,NEARSHORE,SUBTIDAL,NA,,5/31/17,Michelle Abascal,10/07/2017,James Simons,,
ACT_10w,Creg.14,,6,US,NC,,Beaufort,Coastal waters,,,,,,NA,NA,NA,NA,NA,,GULF/OCEAN WATERS,,,,,,,,,,,,,,,,,,TNA,WTNA,40,MARINE ,NEARSHORE,SUBTIDAL,NA,,5/31/17,Michelle Abascal,10/07/2017,James Simons,,
ACT_10w,Creg.15,,6,US,NC,,Beaufort,Coastal waters,,,,,,NA,NA,NA,NA,NA,,GULF/OCEAN WATERS,,,,,,,,,,,,,,,,,,TNA,WTNA,40,MARINE ,NEARSHORE,SUBTIDAL,NA,,5/31/17,Michelle Abascal,10/07/2017,James Simons,,
ACT_10w,Creg.16,,6,US,NC,,Beaufort,Coastal waters,,,,,,NA,NA,NA,NA,NA,,GULF/OCEAN WATERS,,,,,,,,,,,,,,,,,,TNA,WTNA,40,MARINE ,NEARSHORE,SUBTIDAL,NA,,5/31/17,Michelle Abascal,10/07/2017,James Simons,,
ACT_10w,Creg.17,,6,US,NC,,Beaufort,Coastal waters,,,,,,NA,NA,NA,NA,NA,,GULF/OCEAN WATERS,,,,,,,,,,,,,,,,,,TNA,WTNA,40,MARINE ,NEARSHORE,SUBTIDAL,NA,,5/31/17,Michelle Abascal,10/07/2017,James Simons,,
ACT_10w,Creg.18,,6,US,NC,,Beaufort,Coastal waters,,,,,,NA,NA,NA,NA,NA,,GULF/OCEAN WATERS,,,,,,,,,,,,,,,,,,TNA,WTNA,40,MARINE ,NEARSHORE,SUBTIDAL,NA,,5/31/17,Michelle Abascal,10/07/2017,James Simons,,
ACT_10w,Lfas.1,,6,US,MS,,Gulfport,Coastal waters,,,,,,NA,NA,NA,NA,NA,,GULF/OCEAN WATERS,,,,,,,,1917,2,9,,,1917,2,9,,,TNA,WTNA,41,MARINE ,NEARSHORE,SUBTIDAL,NA,,5/31/17,Michelle Abascal,10/07/2017,James Simons,,
ACT_10w,Lfas.2,,5,US,TX,NNW,Galveston,Coastal waters,,,,,,NA,NA,NA,NA,NA,North Gulf of Mexico,GULF/OCEAN WATERS,,,,,,,,1917,2,27,,,1917,2,27,,,TNA,WTNA,43,MARINE ,NEARSHORE,SUBTIDAL,NA,,5/31/17,Michelle Abascal,10/07/2017,James Simons,,
ACT_10w,Lfas.3,,5,US,TX,NNW,Galveston,Coastal waters,,,,,,NA,NA,NA,NA,NA,North Gulf of Mexico,GULF/OCEAN WATERS,,,,,,,,1917,2,27,,,1917,2,27,,,TNA,WTNA,43,MARINE ,NEARSHORE,SUBTIDAL,NA,,5/31/17,Michelle Abascal,10/07/2017,James Simons,,
ACT_10w,Lfas.4,,5,US,TX,WNW,Aransas Pass,Coastal waters,,,,,,NA,NA,NA,NA,NA,Northwest Gulf of Mexico,GULF/OCEAN WATERS,,,,,,,,1917,3,5,,,1917,3,5,,,TNA,WTNA,43,MARINE ,NEARSHORE,SUBTIDAL,NA,,5/31/17,Michelle Abascal,10/07/2017,James Simons,,
ACT_10w,Bchr.1,,6,US,VA,,Cape Charles,Coastal waters,,,,,,NA,NA,NA,NA,NA,,GULF/OCEAN WATERS,,,,,,,,1916,9,12,,,1916,9,12,,,TNA,WTNA,41,MARINE ,NEARSHORE,SUBTIDAL,NA,,5/31/17,Michelle Abascal,10/07/2017,James Simons,,
ACT_10w,Slan.1,,6,US,SC,,Winyah Bay,Bay/Lagoon,,,,,,NA,NA,NA,NA,NA,,BAY/LAGOON ECOSYSTEM,,,,,,,,1915,7,10,,,1915,7,10,,,TNA,WTNA,42,MARINE ,NEARSHORE,SUBTIDAL,NA,,5/31/17,Michelle Abascal,10/07/2017,James Simons,,
ACT_10w,Slan.2,,6,US,FL,,Fernandina,Coastal waters,,,,,,NA,NA,NA,NA,NA,,GULF/OCEAN WATERS,,,,,,,,1919,12,8,,,1919,12,8,,,TNA,WTNA,70,MARINE ,NEARSHORE,SUBTIDAL,NA,,5/31/17,Michelle Abascal,10/07/2017,James Simons,,
ACT_10w,Slan.3,,6,US,FL,,Fernandina,Coastal waters,,,,,,NA,NA,NA,NA,NA,,GULF/OCEAN WATERS,,,,,,,,1917,3,,,,1917,3,,,,TNA,WTNA,70,MARINE ,NEARSHORE,SUBTIDAL,NA,,5/31/17,Michelle Abascal,10/07/2017,James Simons,,
ACT_10w,Slan.4,,5,US,TX,WNW,Aransas Pass,Coastal waters,,,,,,NA,NA,NA,NA,NA,Northwest Gulf of Mexico,GULF/OCEAN WATERS,,,,,,,,1917,3,15,,,1917,3,15,,,TNA,WTNA,43,MARINE ,NEARSHORE,SUBTIDAL,NA,,5/31/17,Michelle Abascal,10/07/2017,James Simons,,
ACT_10w,Slan.5,,5,US,TX,NNW,San Luis,Coastal waters,,,,,,NA,NA,NA,NA,NA,North Gulf of Mexico,GULF/OCEAN WATERS,,,,,,,,1917,3,9,,,1917,3,9,,,TNA,WTNA,43,MARINE ,NEARSHORE,SUBTIDAL,NA,,5/31/17,Michelle Abascal,10/07/2017,James Simons,,
ACT_10w,Slan.6,,5,US,TX,NNW,Galveston,Coastal waters,,,,,,NA,NA,NA,NA,NA,North Gulf of Mexico,GULF/OCEAN WATERS,,,,,,,,1917,3,20,,,1917,3,20,,,TNA,WTNA,43,MARINE ,NEARSHORE,SUBTIDAL,NA,,5/31/17,Michelle Abascal,10/07/2017,James Simons,,
ACT_10w,Lxan.1,,5,US,FL,NNE,St. Vincent Sound Apalachicola,Coastal waters,,,,,,NA,NA,NA,NA,NA,,GULF/OCEAN WATERS,,,,,,,,1915,4,7,,,1915,4,7,,,TNA,WTNA,43,MARINE ,NEARSHORE,SUBTIDAL,NA,,5/31/17,Michelle Abascal,10/07/2017,James Simons,,
ACT_10w,Lxan.2,,6,US,FL,,Fernandina,Coastal waters,,,,,,NA,NA,NA,NA,NA,,GULF/OCEAN WATERS,,,,,,,,1920,3,8,,,1920,3,8,,,TNA,WTNA,70,MARINE ,NEARSHORE,SUBTIDAL,NA,,5/31/17,Michelle Abascal,10/07/2017,James Simons,,
ACT_10w,Mund.1,,6,US,FL,,Cape Canaveral Bight,Coastal waters,,,,,,NA,NA,NA,NA,NA,,GULF/OCEAN WATERS,,,,,,,,1919,12,4,,,1919,12,4,,,TNA,WTNA,70,MARINE ,NEARSHORE,SUBTIDAL,NA,,5/31/17,Michelle Abascal,10/07/2017,James Simons,,
ACT_10w,Mund.2,,6,US,NC,,Cape Lookout Bight,Coastal waters,,,,,,NA,NA,NA,NA,NA,,GULF/OCEAN WATERS,,,,,,,,1919,12,13,,,1919,12,13,,,TNA,WTNA,42,MARINE ,NEARSHORE,SUBTIDAL,NA,,5/31/17,Michelle Abascal,10/07/2017,James Simons,,
ACT_10w,Mund.3,,6,US,NC,,Southport,Coastal waters,,,,,,NA,NA,NA,NA,NA,,GULF/OCEAN WATERS,,,,,,,,1919,10,10,,,1919,10,10,,,TNA,WTNA,42,MARINE ,NEARSHORE,SUBTIDAL,NA,,5/31/17,Michelle Abascal,10/07/2017,James Simons,,
ACT_10w,Mund.4,,6,US,VA,,Chesapeake Bay,Bay/Lagoon,,,,,,NA,NA,NA,NA,NA,,BAY/LAGOON ECOSYSTEM,,,,,,,,1915,12,9,,,1915,12,9,,,TNA,WTNA,41,MARINE ,NEARSHORE,SUBTIDAL,NA,,5/31/17,Michelle Abascal,10/07/2017,James Simons,,
ACT_10w,Mund.5,,6,US,SC,,Winyah Bay,Bay/Lagoon,,,,,,NA,NA,NA,NA,NA,,BAY/LAGOON ECOSYSTEM,,,,,,,,1915,7,10,,,1915,7,10,,,TNA,WTNA,42,MARINE ,NEARSHORE,SUBTIDAL,NA,,5/31/17,Michelle Abascal,10/07/2017,James Simons,,
ACT_10w,Mame.1,,5,US,FL,ENE,Boca Grande,Coastal waters,,,,,,NA,NA,NA,NA,NA,,GULF/OCEAN WATERS,,,,,,,,1917,4,2,,,1917,4,2,,,TNA,WTNA,43,MARINE ,NEARSHORE,SUBTIDAL,NA,,5/31/17,Michelle Abascal,10/07/2017,James Simons,,
ACT_10w,Mame.2,,6,US,FL,,Fernandina,Coastal waters,,,,,,NA,NA,NA,NA,NA,,GULF/OCEAN WATERS,,,,,,,,1917,1,10,,,1917,1,10,,,TNA,WTNA,70,MARINE ,NEARSHORE,SUBTIDAL,NA,,5/31/17,Michelle Abascal,10/07/2017,James Simons,,
ACT_10w,Mame.3,,5,US,TX,NNW,San Luis,Coastal waters,,,,,,NA,NA,NA,NA,NA,,GULF/OCEAN WATERS,,,,,,,,1917,3,9,,,1917,3,9,,,TNA,WTNA,43,MARINE ,NEARSHORE,SUBTIDAL,NA,,5/31/17,Michelle Abascal,10/07/2017,James Simons,,
ACT_10w,Mame.4,,5,US,TX,WNW,Texas Coast,Coastal waters,,,,,,NA,NA,NA,NA,NA,,GULF/OCEAN WATERS,,,,,,,,,,,,,,,,,,TNA,WTNA,43,MARINE ,NEARSHORE,SUBTIDAL,NA,,5/31/17,Michelle Abascal,10/07/2017,James Simons,,
ACT_10w,Mame.5,,6,US,FL,,Fernandina,Coastal waters,,,,,,NA,NA,NA,NA,NA,,GULF/OCEAN WATERS,,,,,,,,1920,3,,,,1920,3,,,,TNA,WTNA,70,MARINE ,NEARSHORE,SUBTIDAL,NA,,5/31/17,Michelle Abascal,10/07/2017,James Simons,,
ACT_10w,Msax.1,,6,US,NJ,,Atlantic city,Coastal waters,,,,,,NA,NA,NA,NA,NA,,GULF/OCEAN WATERS,,,,,,,,1920,8,,,,1920,8,,,,TNA,WTNA,40,MARINE ,NEARSHORE,SUBTIDAL,NA,,5/31/17,Michelle Abascal,10/07/2017,James Simons,,
ACT_10w,Msax.2,,6,US,NJ,,Sewell´s Point Cape Max,Coastal waters,,,,,,NA,NA,NA,NA,NA,,GULF/OCEAN WATERS,,,,,,,,1916,8,8,,,1916,8,8,,,TNA,WTNA,40,MARINE ,NEARSHORE,SUBTIDAL,NA,,5/31/17,Michelle Abascal,10/07/2017,James Simons,,
ACT_10w,Msax.3,,6,US,MA,,Davis Neck Beach Falmouth,Coastal waters,,,,,,NA,NA,NA,NA,NA,,GULF/OCEAN WATERS,,,,,,,,1892,8,3,,,1892,8,3,,,TNA,WTNA,40,MARINE ,NEARSHORE,SUBTIDAL,NA,,5/31/17,Michelle Abascal,10/07/2017,James Simons,,
ACT_10w,Msax.4,,6,US,MA,,"Nobska Beach, Woods Hole",Coastal waters,,,,,,NA,NA,NA,NA,NA,,GULF/OCEAN WATERS,,,,,,,,1915,7,20,,,1915,7,20,,,TNA,WTNA,40,MARINE ,NEARSHORE,SUBTIDAL,NA,,5/31/17,Michelle Abascal,10/07/2017,James Simons,,
ACT_10w,Epul.1,,,US,,,,,,,,,,NA,NA,NA,NA,NA,,GULF/OCEAN WATERS,,,,,,,,,,,,,,,,,,,,,,,,NA,,5/31/17,Michelle Abascal,10/07/2017,James Simons,,
ACT_7s,Smac.1,,6,US,SC NC,,North and South Carolina,Continental shelf,,,,,,NA,NA,NA,NA,NA,,Gulf/Ocean waters,,,,,,,,1977,8,,,,1981,11,,,,TNA,WTNA,42,Marine,Nearshore,Subtidal,NA,,06/19/2017,Michelle Abascal,,,,
ACT_7s,Smac.1,,6,US,SC NC,,North and South Carolina,Continental shelf,,,,,,NA,NA,NA,NA,NA,,Gulf/Ocean waters,,,,,,,,1977,8,,,,1981,11,,,,TNA,WTNA,42,Marine,Offshore,Subtidal,NA,,06/19/2017,Michelle Abascal,,,,
ACT_7s,Smac.2,,6,US,FL,,East Central Florida,Continental shelf,,,,,,NA,NA,NA,NA,NA,,Gulf/Ocean waters,,,,,,,,1977,8,,,,1981,11,,,,TNA,WTNA,70,Marine,Nearshore,Subtidal,NA,,06/19/2017,Michelle Abascal,,,,
ACT_7s,Smac.2,,6,US,FL,,East Central Florida,Continental shelf,,,,,,NA,NA,NA,NA,NA,,Gulf/Ocean waters,,,,,,,,1977,8,,,,1981,11,,,,TNA,WTNA,70,Marine,Offshore,Subtidal,NA,,06/19/2017,Michelle Abascal,,,,
ACT_7s,Smac.3,,5,US,FL,ENE,Northwest Florida,Continental shelf,,,,,,NA,NA,NA,NA,NA,,Gulf/Ocean waters,,,,,,,,1977,8,,,,1981,11,,,,TNA,WTNA,43,Marine,Nearshore,Subtidal,NA,,06/19/2017,Michelle Abascal,,,,
ACT_7s,Smac.3,,5,US,FL,ENE,Northwest Florida,Continental shelf,,,,,,NA,NA,NA,NA,NA,,Gulf/Ocean waters,,,,,,,,1977,8,,,,1981,11,,,,TNA,WTNA,43,Marine,Offshore,Subtidal,NA,,06/19/2017,Michelle Abascal,,,,
ACT_7s,Smac.4,,5,US,LA,NNW,Louisiana,Continental shelf,,,,,,NA,NA,NA,NA,NA,,Gulf/Ocean waters,,,,,,,,1977,8,,,,1981,11,,,,TNA,WTNA,43,Marine,Nearshore,Subtidal,NA,,06/19/2017,Michelle Abascal,,,,
ACT_7s,Smac.4,,5,US,LA,NNW,Louisiana,Continental shelf,,,,,,NA,NA,NA,NA,NA,,Gulf/Ocean waters,,,,,,,,1977,8,,,,1981,11,,,,TNA,WTNA,43,Marine,Offshore,Subtidal,NA,,06/19/2017,Michelle Abascal,,,,
ACT_7s,Smac.5,,5,US,TX,WNW,Texas,Continental shelf,,,,,,NA,NA,NA,NA,NA,,Gulf/Ocean waters,,,,,,,,1977,8,,,,1981,11,,,,TNA,WTNA,43,Marine,Nearshore,Subtidal,NA,,06/19/2017,Michelle Abascal,,,,
ACT_7s,Smac.5,,5,US,TX,WNW,Texas,Continental shelf,,,,,,NA,NA,NA,NA,NA,,Gulf/Ocean waters,,,,,,,,1977,8,,,,1981,11,,,,TNA,WTNA,43,Marine,Offshore,Subtidal,NA,,06/19/2017,Michelle Abascal,,,,
ACT_7s,Smac.6,,6,US,SC NC,,North and South Carolina,Continental shelf,,,,,,NA,NA,NA,NA,NA,,Gulf/Ocean waters,,,,,,,,1980,1,,,,1980,12,,,,TNA,WTNA,42,Marine,Nearshore,Subtidal,NA,,06/19/2017,Michelle Abascal,,,,
ACT_7s,Smac.6,,6,US,SC NC,,North and South Carolina,Continental shelf,,,,,,NA,NA,NA,NA,NA,,Gulf/Ocean waters,,,,,,,,1980,1,,,,1980,12,,,,TNA,WTNA,42,Marine,Offshore,Subtidal,NA,,06/19/2017,Michelle Abascal,,,,
ACT_7s,Smac.7,,6,US,SC NC,,North and South Carolina,Continental shelf,,,,,,NA,NA,NA,NA,NA,,Gulf/Ocean waters,,,,,,,,1981,1,,,,1981,11,,,,TNA,WTNA,42,Marine,Nearshore,Subtidal,NA,,06/19/2017,Michelle Abascal,,,,
ACT_7s,Smac.7,,6,US,SC NC,,North and South Carolina,Continental shelf,,,,,,NA,NA,NA,NA,NA,,Gulf/Ocean waters,,,,,,,,1981,1,,,,1981,11,,,,TNA,WTNA,42,Marine,Offshore,Subtidal,NA,,06/19/2017,Michelle Abascal,,,,
ACT_7s,Smac.8,,5,US,FL,ENE,Northwest Florida,Continental shelf,,,,,,NA,NA,NA,NA,NA,,Gulf/Ocean waters,,,,,,,,1980,1,,,,1980,12,,,,TNA,WTNA,43,Marine,Nearshore,Subtidal,NA,,06/19/2017,Michelle Abascal,,,,
ACT_7s,Smac.8,,5,US,FL,ENE,Northwest Florida,Continental shelf,,,,,,NA,NA,NA,NA,NA,,Gulf/Ocean waters,,,,,,,,1980,1,,,,1980,12,,,,TNA,WTNA,43,Marine,Offshore,Subtidal,NA,,06/19/2017,Michelle Abascal,,,,
ACT_7s,Smac.9,,5,US,FL,ENE,Northwest Florida,Continental shelf,,,,,,NA,NA,NA,NA,NA,,Gulf/Ocean waters,,,,,,,,1981,1,,,,1981,11,,,,TNA,WTNA,43,Marine,Nearshore,Subtidal,NA,,06/19/2017,Michelle Abascal,,,,
ACT_7s,Smac.9,,5,US,FL,ENE,Northwest Florida,Continental shelf,,,,,,NA,NA,NA,NA,NA,,Gulf/Ocean waters,,,,,,,,1981,1,,,,1981,11,,,,TNA,WTNA,43,Marine,Offshore,Subtidal,NA,,06/19/2017,Michelle Abascal,,,,
ACT_7s,Smac.10,,6,US,SC NC,,North and South Carolina,Continental shelf,,,,,,NA,NA,NA,NA,NA,,Gulf/Ocean waters,,,,,,,,1981,6,,,,1981,8,,,,TNA,WTNA,42,Marine,Nearshore,Subtidal,NA,,06/19/2017,Michelle Abascal,,,,
ACT_7s,Smac.10,,6,US,SC NC,,North and South Carolina,Continental shelf,,,,,,NA,NA,NA,NA,NA,,Gulf/Ocean waters,,,,,,,,1981,6,,,,1981,8,,,,TNA,WTNA,42,Marine,Offshore,Subtidal,NA,,06/19/2017,Michelle Abascal,,,,
ACT_7s,Smac.11,,6,US,SC NC,,North and South Carolina,Continental shelf,,,,,,NA,NA,NA,NA,NA,,Gulf/Ocean waters,,,,,,,,1981,9,,,,1981,11,,,,TNA,WTNA,42,Marine,Nearshore,Subtidal,NA,,06/19/2017,Michelle Abascal,,,,
ACT_7s,Smac.11,,6,US,SC NC,,North and South Carolina,Continental shelf,,,,,,NA,NA,NA,NA,NA,,Gulf/Ocean waters,,,,,,,,1981,9,,,,1981,11,,,,TNA,WTNA,42,Marine,Offshore,Subtidal,NA,,06/19/2017,Michelle Abascal,,,,
ACT_7s,Smac.12,,5,US,FL,ENE,Northwest Florida,Continental shelf,,,,,,NA,NA,NA,NA,NA,,Gulf/Ocean waters,,,,,,,,1981,3,,,,1981,5,,,,TNA,WTNA,43,Marine,Nearshore,Subtidal,NA,,06/19/2017,Michelle Abascal,,,,
ACT_7s,Smac.12,,5,US,FL,ENE,Northwest Florida,Continental shelf,,,,,,NA,NA,NA,NA,NA,,Gulf/Ocean waters,,,,,,,,1981,3,,,,1981,5,,,,TNA,WTNA,43,Marine,Offshore,Subtidal,NA,,06/19/2017,Michelle Abascal,,,,
ACT_7s,Smac.13,,5,US,FL,ENE,Northwest Florida,Continental shelf,,,,,,NA,NA,NA,NA,NA,,Gulf/Ocean waters,,,,,,,,1981,6,,,,1981,8,,,,TNA,WTNA,43,Marine,Nearshore,Subtidal,NA,,06/19/2017,Michelle Abascal,,,,
ACT_7s,Smac.13,,5,US,FL,ENE,Northwest Florida,Continental shelf,,,,,,NA,NA,NA,NA,NA,,Gulf/Ocean waters,,,,,,,,1981,6,,,,1981,8,,,,TNA,WTNA,43,Marine,Offshore,Subtidal,NA,,06/19/2017,Michelle Abascal,,,,
ACT_7s,Smac.14,,5,US,FL,ENE,Northwest Florida,Continental shelf,,,,,,NA,NA,NA,NA,NA,,Gulf/Ocean waters,,,,,,,,1981,9,,,,1981,11,,,,TNA,WTNA,43,Marine,Nearshore,Subtidal,NA,,06/19/2017,Michelle Abascal,,,,
ACT_7s,Smac.14,,5,US,FL,ENE,Northwest Florida,Continental shelf,,,,,,NA,NA,NA,NA,NA,,Gulf/Ocean waters,,,,,,,,1981,9,,,,1981,11,,,,TNA,WTNA,43,Marine,Offshore,Subtidal,NA,,06/19/2017,Michelle Abascal,,,,
ACT_8s,Chip.1,,6,US,FL,,East Central Florida,Continental shelf,,,,,,NA,NA,NA,NA,NA,Gulf//Ocean waters,,,,,,,,,1980,5,,,,1981,11,,,,TNA,WTNA,70,Marine,Nearshore,Subtidal,NA,,06/23/2017,Michelle Abascal,27/07/2017,James Simons,,
ACT_8s,Chip.1,,6,US,FL,,East Central Florida,Continental shelf,,,,,,NA,NA,NA,NA,NA,Gulf/Ocean waters,,,,,,,,,1980,5,,,,1981,11,,,,TNA,WTNA,70,Marine,Offshore,Subtidal,NA,,06/23/2017,Michelle Abascal,27/07/2017,James Simons,,
ACT_8s,Chip.2,,6,US,FL,,South Florida,Continental shelf,,,,,,NA,NA,NA,NA,NA,Gulf/Ocean waters,,,,,,,,,1980,5,,,,1981,11,,,,TNA,WTNA,70,Marine,Nearshore,Subtidal,NA,,06/23/2017,Michelle Abascal,27/07/2017,James Simons,,
ACT_8s,Chip.2,,6,US,FL,,South Florida,Continental shelf,,,,,,NA,NA,NA,NA,NA,Gulf/Ocean waters,,,,,,,,,1980,5,,,,1981,11,,,,TNA,WTNA,70,Marine,Offshore,Subtidal,NA,,06/23/2017,Michelle Abascal,27/07/2017,James Simons,,
ACT_8s,Chip.3,,5,US,FL,ENE,Northwest Florida,Continental shelf,,,,,,NA,NA,NA,NA,NA,Gulf/Ocean waters,,,,,,,,,1980,5,,,,1981,11,,,,TNA,WTNA,43,Marine,Nearshore,Subtidal,NA,,06/23/2017,Michelle Abascal,27/07/2017,James Simons,,
ACT_8s,Chip.3,,5,US,FL,ENE,Northwest Florida,Continental shelf,,,,,,NA,NA,NA,NA,NA,Gulf/Ocean waters,,,,,,,,,1980,5,,,,1981,11,,,,TNA,WTNA,43,Marine,Offshore,Subtidal,NA,,06/23/2017,Michelle Abascal,27/07/2017,James Simons,,
ACT_8s,Chip.4,,5,US,LA,NNW,Louisiana,Continental shelf,,,,,,NA,NA,NA,NA,NA,Gulf/Ocean waters,,,,,,,,,1980,5,,,,1981,11,,,,TNA,WTNA,43,Marine,Nearshore,Subtidal,NA,,06/23/2017,Michelle Abascal,27/07/2017,James Simons,,
ACT_8s,Chip.4,,5,US,LA,NNW,Louisiana,Continental shelf,,,,,,NA,NA,NA,NA,NA,Gulf/Ocean waters,,,,,,,,,1980,5,,,,1981,11,,,,TNA,WTNA,43,Marine,Offshore,Subtidal,NA,,06/23/2017,Michelle Abascal,27/07/2017,James Simons,,
ACT_8s,Chip.5,,5,US,TX,WNW,Texas,Continental shelf,,,,,,NA,NA,NA,NA,NA,Gulf/Ocean waters,,,,,,,,,1980,5,,,,1981,11,,,,TNA,WTNA,43,Marine,Nearshore,Subtidal,NA,,06/23/2017,Michelle Abascal,27/07/2017,James Simons,,
ACT_8s,Chip.5,,5,US,TX,WNW,Texas,Continental shelf,,,,,,NA,NA,NA,NA,NA,Gulf/Ocean waters,,,,,,,,,1980,5,,,,1981,11,,,,TNA,WTNA,43,Marine,Offshore,Subtidal,NA,,06/23/2017,Michelle Abascal,27/07/2017,James Simons,,
ACT_8s,Chip.6,,5,US,FL,ENE,Northwest Florida,Continental shelf,,,,,,NA,NA,NA,NA,NA,Gulf/Ocean waters,,,,,,,,,1980,5,,,,1981,11,,,,TNA,WTNA,43,Marine,Nearshore,Subtidal,NA,,06/23/2017,Michelle Abascal,27/07/2017,James Simons,,
ACT_8s,Chip.6,,5,US,FL,ENE,Northwest Florida,Continental shelf,,,,,,NA,NA,NA,NA,NA,Gulf/Ocean waters,,,,,,,,,1980,5,,,,1981,11,,,,TNA,WTNA,43,Marine,Offshore,Subtidal,NA,,06/23/2017,Michelle Abascal,27/07/2017,James Simons,,
ACT_8s,Chip.7,,5,US,FL,ENE,Northwest Florida,Continental shelf,,,,,,NA,NA,NA,NA,NA,Gulf/Ocean waters,,,,,,,,,1980,5,,,,1981,11,,,,TNA,WTNA,43,Marine,Nearshore,Subtidal,NA,,06/23/2017,Michelle Abascal,27/07/2017,James Simons,,
ACT_8s,Chip.7,,5,US,FL,ENE,Northwest Florida,Continental shelf,,,,,,NA,NA,NA,NA,NA,Gulf/Ocean waters,,,,,,,,,1980,5,,,,1981,11,,,,TNA,WTNA,43,Marine,Offshore,Subtidal,NA,,06/23/2017,Michelle Abascal,27/07/2017,James Simons,,
ACT_8s,Chip.8,,5,US,FL,ENE,Northwest Florida,Continental shelf,,,,,,NA,NA,NA,NA,NA,Gulf/Ocean waters,,,,,,,,,1980,5,,,,1981,11,,,,TNA,WTNA,43,Marine,Nearshore,Subtidal,NA,,06/23/2017,Michelle Abascal,27/07/2017,James Simons,,
ACT_8s,Chip.8,,5,US,FL,ENE,Northwest Florida,Continental shelf,,,,,,NA,NA,NA,NA,NA,Gulf/Ocean waters,,,,,,,,,1980,5,,,,1981,11,,,,TNA,WTNA,43,Marine,Offshore,Subtidal,NA,,06/23/2017,Michelle Abascal,27/07/2017,James Simons,,
ACT_8s,Chip.9,,5,US,FL,ENE,Northwest Florida,Continental shelf,,,,,,NA,NA,NA,NA,NA,Gulf/Ocean waters,,,,,,,,,1980,5,,,,1980,12,,,,TNA,WTNA,43,Marine,Nearshore,Subtidal,NA,,06/23/2017,Michelle Abascal,27/07/2017,James Simons,,
ACT_8s,Chip.9,,5,US,FL,ENE,Northwest Florida,Continental shelf,,,,,,NA,NA,NA,NA,NA,Gulf/Ocean waters,,,,,,,,,1980,5,,,,1980,12,,,,TNA,WTNA,43,Marine,Offshore,Subtidal,NA,,06/23/2017,Michelle Abascal,27/07/2017,James Simons,,
ACT_8s,Chip.10,,5,US,FL,ENE,Northwest Florida,Continental shelf,,,,,,NA,NA,NA,NA,NA,Gulf/Ocean waters,,,,,,,,,1981,1,,,,1981,11,,,,TNA,WTNA,43,Marine,Nearshore,Subtidal,NA,,06/23/2017,Michelle Abascal,27/07/2017,James Simons,,
ACT_8s,Chip.10,,5,US,FL,ENE,Northwest Florida,Continental shelf,,,,,,NA,NA,NA,NA,NA,Gulf/Ocean waters,,,,,,,,,1981,1,,,,1981,11,,,,TNA,WTNA,43,Marine,Offshore,Subtidal,NA,,06/23/2017,Michelle Abascal,27/07/2017,James Simons,,
ACT_8s,Chip.11,,5,US,FL,ENE,Northwest Florida,Continental shelf,,,,,,NA,NA,NA,NA,NA,Gulf/Ocean waters,,,,,,,,,1980,3,,,Spring,1980,5,,,,TNA,WTNA,43,Marine,Nearshore,Subtidal,NA,,06/23/2017,Michelle Abascal,27/07/2017,James Simons,,
ACT_8s,Chip.11,,5,US,FL,ENE,Northwest Florida,Continental shelf,,,,,,NA,NA,NA,NA,NA,Gulf/Ocean waters,,,,,,,,,1980,3,,,Spring,1980,5,,,,TNA,WTNA,43,Marine,Offshore,Subtidal,NA,,06/23/2017,Michelle Abascal,27/07/2017,James Simons,,
ACT_8s,Chip.11,,5,US,FL,ENE,Northwest Florida,Continental shelf,,,,,,NA,NA,NA,NA,NA,Gulf/Ocean waters,,,,,,,,,1981,3,,,Spring,1981,5,,,,TNA,WTNA,43,Marine,Nearshore,Subtidal,NA,,06/23/2017,Michelle Abascal,27/07/2017,James Simons,,
ACT_8s,Chip.11,,5,US,FL,ENE,Northwest Florida,Continental shelf,,,,,,NA,NA,NA,NA,NA,Gulf/Ocean waters,,,,,,,,,1981,3,,,Spring,1981,5,,,,TNA,WTNA,43,Marine,Offshore,Subtidal,NA,,06/23/2017,Michelle Abascal,27/07/2017,James Simons,,
ACT_8s,Chip.12,,5,US,FL,ENE,Northwest Florida,Continental shelf,,,,,,NA,NA,NA,NA,NA,Gulf/Ocean waters,,,,,,,,,1980,6,,,Summer,1980,8,,,,TNA,WTNA,43,Marine,Nearshore,Subtidal,NA,,06/23/2017,Michelle Abascal,27/07/2017,James Simons,,
ACT_8s,Chip.12,,5,US,FL,ENE,Northwest Florida,Continental shelf,,,,,,NA,NA,NA,NA,NA,Gulf/Ocean waters,,,,,,,,,1980,6,,,Summer,1980,8,,,,TNA,WTNA,43,Marine,Offshore,Subtidal,NA,,06/23/2017,Michelle Abascal,27/07/2017,James Simons,,
ACT_8s,Chip.12,,5,US,FL,ENE,Northwest Florida,Continental shelf,,,,,,NA,NA,NA,NA,NA,Gulf/Ocean waters,,,,,,,,,1981,6,,,Summer,1981,8,,,,TNA,WTNA,43,Marine,Nearshore,Subtidal,NA,,06/23/2017,Michelle Abascal,27/07/2017,James Simons,,
ACT_8s,Chip.12,,5,US,FL,ENE,Northwest Florida,Continental shelf,,,,,,NA,NA,NA,NA,NA,Gulf/Ocean waters,,,,,,,,,1981,6,,,Summer,1981,8,,,,TNA,WTNA,43,Marine,Offshore,Subtidal,NA,,06/23/2017,Michelle Abascal,27/07/2017,James Simons,,
ACT_8s,Chip.13,,5,US,FL,ENE,Northwest Florida,Continental shelf,,,,,,NA,NA,NA,NA,NA,Gulf/Ocean waters,,,,,,,,,1980,9,,,Fall,1980,11,,,,TNA,WTNA,43,Marine,Nearshore,Subtidal,NA,,06/23/2017,Michelle Abascal,27/07/2017,James Simons,,
ACT_8s,Chip.13,,5,US,FL,ENE,Northwest Florida,Continental shelf,,,,,,NA,NA,NA,NA,NA,Gulf/Ocean waters,,,,,,,,,1980,9,,,Fall,1980,11,,,,TNA,WTNA,43,Marine,Offshore,Subtidal,NA,,06/23/2017,Michelle Abascal,27/07/2017,James Simons,,
ACT_8s,Chip.13,,5,US,FL,ENE,Northwest Florida,Continental shelf,,,,,,NA,NA,NA,NA,NA,Gulf/Ocean waters,,,,,,,,,1981,9,,,Fall,1981,11,,,,TNA,WTNA,43,Marine,Nearshore,Subtidal,NA,,06/23/2017,Michelle Abascal,27/07/2017,James Simons,,
ACT_8s,Chip.13,,5,US,FL,ENE,Northwest Florida,Continental shelf,,,,,,NA,NA,NA,NA,NA,Gulf/Ocean waters,,,,,,,,,1981,9,,,Fall,1981,11,,,,TNA,WTNA,43,Marine,Offshore,Subtidal,NA,,06/23/2017,Michelle Abascal,27/07/2017,James Simons,,
