DATA_ID,PRED_ID,DATA_AGGR_CODE,PRED_SOURCE_NAME,PRED_DATABASE_NAME,SAMP_TYPE,TOT_PRED_SAMP_EXAM,TOT_W_FD,PCT_W_FD,TOT_WO_FD,PCT_WO_FD,PRED_DEN,PRED_SEX,PRED_SEX_RATIO,PRED_LIFE_HIST_STAGE,PRED_LEN_TYPE_1,PRED_MIN_LEN_1,PRED_MAX_LEN_1,PRED_MN_LEN_1,PRED_LEN_TYPE_2,PRED_MIN_LEN_2,PRED_MAX_LEN_2,PRED_MN_LEN_2,PRED_LEN_TYPE_3,PRED_MIN_LEN_3,PRED_MAX_LEN_3,PRED_MN_LEN_3,PRED_MIN_AGE,PRED_MAX_AGE,PRED_MN_AGE,PRED_MIN_WT,PRED_MAX_WT,PRED_MN_WT,PRED_TOT_WT,BIOMASS_DEN,STOM_PCT_FULL,STOM_COND_INDEX,TOT_FD_BIOMASS,TOT_FD_VOL,PREDATOR_NOTES,POP_TOT_PRED,POP_PRED_DEN,POP_SEX_RATIO,POP_LIFE_HIST_STAGE,POP_LEN_TYPE,POP_MIN_LEN,POP_MAX_LEN,POP_MN_LEN,POP_MIN_AGE,POP_MAX_AGE,POP_MN_AGE,POP_MIN_WT,POP_MAX_WT,POP_MN_WT,POP_TOT_WT,POP_BIOMASS_DEN,ENTRY_DATE,ENTRY_PERSON,EDITED_DATE,DATA_EDITOR,MODIFY_DATE,DATA_MODIFIER
ACT_61B,Ssar.1,Not disaggregated ,Bonita ,Sarda sarda,Gut content,,,,,,,,,,,,,,,,,,,,,,,,,,,,,,,,,,,,,,,,,,,,,,,,,,,05/15/17,Michelle Abascal,10/07/17,James Simons,,
ACT_61B,Tatl.1,Not disaggregated ,Blackfin tuna,Thunnus atlanticus,Gut content,,,,,,,,,,,,,,,,,,,,,,,,,,,,,,,,,,,,,,,,,,,,,,,,,,,05/15/17,Michelle Abascal,10/07/17,James Simons,,
ACT_61B,Rcan.1,Not disaggregated ,Ling,Rachycentron canadum,Gut content,,,,,,,,,,,,,,,,,,,,,,,,,,,,,,,,,,,,,,,,,,,,,,,,,,,05/15/17,Michelle Abascal,10/07/17,James Simons,,
ACT_61B,Kalb.1,Not disaggregated ,White Marlin,Kajikia albida,Gut content,,,,,,,,,,,,,,,,,,,,,,,,,,,,,,,,,,,,,,,,,,,,,,,,,,,05/15/17,Michelle Abascal,10/07/17,James Simons,,
ACT_61B,Mnig.1,Not disaggregated ,Blue Marlin,Makaira nigricans,Gut content,,,,,,,,,,,,,,,,,,,,,,,,,,,,,,,,,,,,,,,,,,,,,,,,,,,05/15/17,Michelle Abascal,10/07/17,James Simons,,
ACT_61B,Sbar.1,Not disaggregated ,Barracuda,Sphyraena barracuda,Gut content,,,,,,,,,,,,,,,,,,,,,,,,,,,,,,,,,,,,,,,,,,,,,,,,,,,05/15/17,Michelle Abascal,10/07/17,James Simons,,
ACT_61B,Matl.1,Not disaggregated ,Tarpon,Megalops atlanticus,Gut content,,,,,,,,,,,,,,,,,,,,,,,,,,,,,,,,,,,,,,,,,,,,,,,,,,,05/15/17,Michelle Abascal,10/07/17,James Simons,,
ACT_61B,Cneb.1,Not disaggregated ,Spotted Kingfish,Cynoscion nebulosus,Gut content,,,,,,,,,,,,,,,,,,,,,,,,,,,,,,,,,,,,,,,,,,,,,,,,,,,05/15/17,Michelle Abascal,10/07/17,James Simons,,
ACT_61B,Apro.1,Not disaggregated ,Sheepshead,Archosargus probatocephalus,Gut content,,,,,,,,,,,,,,,,,,,,,,,,,,,,,,,,,,,,,,,,,,,,,,,,,,,05/15/17,Michelle Abascal,10/07/17,James Simons,,
ACT_61B,Ipla.1,Not disaggregated ,Sailfsh,Istiophorus platypterus,Gut content,,,,,,,,,,,,,,,,,,,,,,,,,,,,,,,,,,,,,,,,,,,,,,,,,,,05/15/17,Michelle Abascal,10/07/17,James Simons,,
ACT_61B,Chip.1,Not disaggregated ,Dolphin,Coryphaena hippurus,Gut content,,,,,,,,,,,,,,,,,,,,,,,,,,,,,,,,,,,,,,,,,,,,,,,,,,,05/15/17,Michelle Abascal,10/07/17,James Simons,,
ACT_61B,Smac.1,Not disaggregated ,Spanish Mackerel,Scomberomorus maculatus,Gut content,,,,,,,,,,,,,,,,,,,,,,,,,,,,,,,,,,,,,,,,,,,,,,,,,,,05/15/17,Michelle Abascal,10/07/17,James Simons,,
ACT_61B,Para.1,Not disaggregated ,Flounder,Paralichthyidae,Gut content,,,,,,,,,,,,,,,,,,,,,,,,,,,,,,,,,,,,,,,,,,,,,,,,,,,05/15/17,Michelle Abascal,10/07/17,James Simons,,
ACT_61B,Pcro.1,Not disaggregated ,Drum,Pogonias cromis,Gut content,,,,,,,,,,,,,,,,,,,,,,,,,,,,,,,,,,,,,,,,,,,,,,,,,,,05/15/17,Michelle Abascal,10/07/17,James Simons,,
ACT_61B,Soce.1,Not disaggregated ,Redfish,Sciaenops ocellatus,Gut content,,,,,,,,,,,,,,,,,,,,,,,,,,,,,,,,,,,,,,,,,,,,,,,,,,,05/15/17,Michelle Abascal,10/07/17,James Simons,,
ACT_61B,Asol.1,Not disaggregated ,Wahoo,Acanthocybium solandri,Gut content,,,,,,,,,,,,,,,,,,,,,,,,,,,,,,,,,,,,,,,,,,,,,,,,,,,05/15/17,Michelle Abascal,10/07/17,James Simons,,
ACT_61B,Mugi.1,Not disaggregated ,Mullet,Mugilidae,Gut content,,,,,,,,,,,,,,,,,,,,,,,,,,,,,,,,,,,,,,,,,,,,,,,,,,,05/15/17,Michelle Abascal,10/07/17,James Simons,,
ACT_61B,Dasy.1,Not disaggregated ,Stingray,Dasyatidae,Gut content,,,,,,,,,,,,,,,,,,,,,,,,,,,,,,,,,,,,,,,,,,,,,,,,,,,05/15/17,Michelle Abascal,10/07/17,James Simons,,
ACT_61B,Sela.1,Not disaggregated ,Sharks,Selachimorpha,Gut content,,,,,,,,,,,,,,,,,,,,,,,,,,,,,,,,,,,,,,,,,,,,,,,,,,,05/15/17,Michelle Abascal,10/07/17,James Simons,,
ACT_5K,Gcuv.1,Not disaggregated ,Tiger shark,Galeocerdo cuvier,Gut content,69,56,0.81,13,0.19,,,,,,,,,,,,,,,,,,,,,,,,,,,,,,,,,,,,,,,,,,,,,,05/16/17,Michelle Abascal,10/07/17,James Simons,,
ACT_5K,Ctau.1,Not disaggregated ,Sand Shark,Carcharias taurus,Gut content,4,3,0.75,1,0.25,,,,,,,,,,,,,,,,,,,,,,,,,,,,,,,,,,,,,,,,,,,,,,05/16/17,Michelle Abascal,10/07/17,James Simons,,
ACT_5K,Cleu.1,Not disaggregated ,Bull Shark,Carcharhinus leucas,Gut content,40,25,0.63,15,0.38,,,,,,,,,,,,,,,,,,,,,,,,,,,,,,,,,,,,,,,,,,,,,,05/16/17,Michelle Abascal,10/07/17,James Simons,,
ACT_5K,Cobs.1,Not disaggregated ,Dusky Shark,Carcharhinus obscurus,Gut content,2,1,0.5,1,0.5,,,,,,,,,,,,,,,,,,,,,,,,,,,,,,,,,,,,,,,,,,,,,,05/16/17,Michelle Abascal,10/07/17,James Simons,,
ACT_5K,Tatl.1,Not disaggregated ,Tarpon,Tarpon atlanticus,Gut content,7,3,0.43,4,0.57,,,,,,,,,,,,,,,,,,,,,,,,,,,,,,,,,,,,,,,,,,,,,,05/16/17,Michelle Abascal,10/07/17,James Simons,,
ACT_5K,Cneb.1,Not disaggregated ,Trout,Cynoscion nebulosus,Gut content,4302,2808,0.65,1494,0.35,,,,,,,,,,,,,,,,,,,,,,,,,,,,,,,,,,,,,,,,,,,,,,05/16/17,Michelle Abascal,10/07/17,James Simons,,
ACT_5K,Soce.1,Not disaggregated ,Redfish,Sciaenops ocellatus,Gut content,442,360,0.81,82,0.19,,,,,,,,,,,,,,,,,,,,,,,,,,,,,,,,,,,,,,,,,,,,,,05/16/17,Michelle Abascal,10/07/17,James Simons,,
ACT_5K,Pcro.1,Not disaggregated ,Drum,Pogonias cromis,Gut content,23,16,0.7,7,0.3,,,,,,,,,,,,,,,,,,,,,,,,,,,,,,,,,,,,,,,,,,,,,,05/16/17,Michelle Abascal,10/07/17,James Simons,,
ACT_5K,Smac.1,Not disaggregated ,Spanish Mackerel,Scomberomorus maculatus,Gut content,1049,611,0.58,438,0.42,,,,,,,,,,,,,,,,,,,,,,,,,,,,,,,,,,,,,,,,,,,,,,05/16/17,Michelle Abascal,10/07/17,James Simons,,
ACT_5K,Chip.1,Not disaggregated ,Dolphin,Coryphaena hippurus,Gut content,72,38,0.53,34,0.47,,,,,,,,,,,,,,,,,,,,,,,,,,,,,,,,,,,,,,,,,,,,,,05/16/17,Michelle Abascal,10/07/17,James Simons,,
ACT_5K,Asol.1,Not disaggregated ,Wahoo,Acanthocybium solandri,Gut content,1,1,1,0,0,,,,,,,,,,,,,,,,,,,,,,,,,,,,,,,,,,,,,,,,,,,,,,05/16/17,Michelle Abascal,10/07/17,James Simons,,
ACT_5K,Iame.1,Not disaggregated ,Sailfish,Istiophorus americanus,Gut content,4,4,1,0,0,,,,,,,,,,,,,,,,,,,,,,,,,,,,,,,,,,,,,,,,,,,,,,05/16/17,Michelle Abascal,10/07/17,James Simons,,
ACT_5K,Rcan.1,Not disaggregated ,Ling,Rachycentron canadum,Gut content,37,31,0.84,6,0.16,,,,,,,,,,,,,,,,,,,,,,,,,,,,,,,,,,,,,,,,,,,,,,05/16/17,Michelle Abascal,10/07/17,James Simons,,
ACT_5K,Pita.1,Not disaggregated ,Jewfish,Promicrops itaira,Gut content,2,2,1,0,0,,,,,,,,,,,,,,,,,,,,,,,,,,,,,,,,,,,,,,,,,,,,,,05/16/17,Michelle Abascal,10/07/17,James Simons,,
ACT_5K,Bmar.1,Not disaggregated ,Gaff- topsail cat,Bagre marinus,Gut content,40,28,0.7,12,0.3,,,,,,,,,,,,,,,,,,,,,,,,,,,,,,,,,,,,,,,,,,,,,,05/16/17,Michelle Abascal,10/07/17,James Simons,,
ACT_5K,Plet.1,Not disaggregated ,Flounders,Paralichthys lethostigma,Gut content,34,27,0.79,7,0.21,,,,,,,,,,,,,,,,,,,,,,,,,,,,,,,,,,,,,,,,,,,,,,05/16/17,Michelle Abascal,10/07/17,James Simons,,
ACT_12K,Rcan.1,Not disaggregated ,Rachycentron canadus,Rachycentron canadum,Gut content,29,24,0.83,5,0.17,,,,,,,,,,,,,,,,,,,,,,,,,,,,,,,,,,,,,,,,,,,,,,05/22/17,Michelle Abascal,10/07/17,James Simons,,
ACT_13B,Iame.1,Not disaggregated ,Istiophorus americanus,Istiophorus americanus,Gut content,3,3,1,0,0,,,,,,,,,,,,,,,,,,,,,,,,,,,,,,,,,,,,,,,,,,,,,,05/22/17,Michelle Abascal,10/07/17,James Simons,,
ACT_13B,Iame.2,Not disaggregated ,Istiophorus americanus,Istiophorus americanus,Gut content,,,,,,,,,,,,,,,,,,,,,,,,,,,,,,,,,,,,,,,,,,,,,,,,,,,05/22/17,Michelle Abascal,10/07/17,James Simons,,
ACT_71M,Opsa.1,Not disaggregated ,Opsanus sp,Opsanus,Gut content,3,2,0.7,1,0.3,,,,,SL,250,300,275,,,,,,,,,,,,,,,,,,,,,,,,,,,,,,,,,,,,,,05/22/17,Michelle Abascal,10/07/17,James Simons,,
ACT_16A,Esen.1,Not disaggregated ,Engyophrys sentus,Engyophrys sentus,Gut content,28,1,0.03,27,0.97,,,,,,,,,,,,,,,,,,,,,,,,,,,,,,,,,,,,,,,,,,,,,,05/23/17,Michelle Abascal,10/07/17,James Simons,,
ACT_6G,Cfab.1,Season (SSFW),Chaetodipterus faber,Chaetodipterus faber,Gut Content,43,,,,,,,,,,,,,,,,,,,,,,,,,,,,,,,,,,,,,,,,,,,,,,,,,,06/14/17,Michelle Abascal,10/07/17,James Simons,,
ACT_6G,Cfab.2,Raw,Chaetodipterus faber,Chaetodipterus faber,Gut Content,1,1,1,0,0,,,,,,,,,,,,,,,,,,,,,,,872,,,,0.57,,Fish 1 ,,,,,,,,,,,,,,,,,06/14/17,Michelle Abascal,10/07/17,James Simons,,
ACT_6G,Cfab.3,Raw,Chaetodipterus faber,Chaetodipterus faber,Gut Content,1,1,1,0,0,,,,,,,,,,,,,,,,,,,,,,,2120,,,,1.16,,Fish 2,,,,,,,,,,,,,,,,,06/14/17,Michelle Abascal,10/07/17,James Simons,,
ACT_6G,Cfab.4,Raw,Chaetodipterus faber,Chaetodipterus faber,Gut Content,1,1,1,0,0,,,,,,,,,,,,,,,,,,,,,,,514,,,,0.71,,Fish 3 ,,,,,,,,,,,,,,,,,06/14/17,Michelle Abascal,10/07/17,James Simons,,
ACT_6G,Cfab.5,Raw,Chaetodipterus faber,Chaetodipterus faber,Gut Content,1,1,1,0,0,,,,,,,,,,,,,,,,,,,,,,,912,,,,1.36,,Fish 4,,,,,,,,,,,,,,,,,06/14/17,Michelle Abascal,10/07/17,James Simons,,
ACT_6G,Cfab.6,Raw,Chaetodipterus faber,Chaetodipterus faber,Gut Content,1,1,1,0,0,,,,,,,,,,,,,,,,,,,,,,,939,,,,0.3,,Fish 5,,,,,,,,,,,,,,,,,06/14/17,Michelle Abascal,10/07/17,James Simons,,
ACT_6G,Cfab.7,Raw,Chaetodipterus faber,Chaetodipterus faber,Gut Content,1,1,1,0,0,,,,,,,,,,,,,,,,,,,,,,,1109,,,,0.33,,Fish 7,,,,,,,,,,,,,,,,,06/14/17,Michelle Abascal,10/07/17,James Simons,,
ACT_6G,Cfab.8,Raw,Chaetodipterus faber,Chaetodipterus faber,Gut Content,1,1,1,0,0,,,,,,,,,,,,,,,,,,,,,,,745,,,,0.39,,Fish 8,,,,,,,,,,,,,,,,,06/14/17,Michelle Abascal,10/07/17,James Simons,,
ACT_6G,Cfab.9,Raw,Chaetodipterus faber,Chaetodipterus faber,Gut Content,1,1,1,0,0,,,,,,,,,,,,,,,,,,,,,,,802,,,,0.82,,Fish 9,,,,,,,,,,,,,,,,,06/14/17,Michelle Abascal,10/07/17,James Simons,,
ACT_6G,Cfab.10,Raw,Chaetodipterus faber,Chaetodipterus faber,Gut Content,1,1,1,0,0,,,,,,,,,,,,,,,,,,,,,,,1145,,,,0.28,,Fish 11,,,,,,,,,,,,,,,,,06/14/17,Michelle Abascal,10/07/17,James Simons,,
ACT_6G,Cfab.11,Raw,Chaetodipterus faber,Chaetodipterus faber,Gut Content,1,1,1,0,0,,,,,,,,,,,,,,,,,,,,,,,820,,,,0.45,,Fish 12,,,,,,,,,,,,,,,,,06/14/17,Michelle Abascal,10/07/17,James Simons,,
ACT_6G,Cfab.12,Raw,Chaetodipterus faber,Chaetodipterus faber,Gut Content,1,1,1,0,0,,,,,,,,,,,,,,,,,,,,,,,820,,,,0.39,,Fish 13,,,,,,,,,,,,,,,,,06/14/17,Michelle Abascal,10/07/17,James Simons,,
ACT_6G,Cfab.13,Raw,Chaetodipterus faber,Chaetodipterus faber,Gut Content,1,1,1,0,0,,,,,,,,,,,,,,,,,,,,,,,810,,,,0.34,,Fish 14,,,,,,,,,,,,,,,,,06/14/17,Michelle Abascal,10/07/17,James Simons,,
ACT_6G,Cfab.14,Raw,Chaetodipterus faber,Chaetodipterus faber,Gut Content,1,1,1,0,0,,,,,,,,,,,,,,,,,,,,,,,814,,,,0.58,,Fish 15,,,,,,,,,,,,,,,,,06/14/17,Michelle Abascal,10/07/17,James Simons,,
ACT_6G,Cfab.15,Raw,Chaetodipterus faber,Chaetodipterus faber,Gut Content,1,1,1,0,0,,,,,,,,,,,,,,,,,,,,,,,343,,,,0.03,,Fish 16,,,,,,,,,,,,,,,,,06/14/17,Michelle Abascal,10/07/17,James Simons,,
ACT_6G,Cfab.16,Raw,Chaetodipterus faber,Chaetodipterus faber,Gut Content,1,1,1,0,0,,,,,,,,,,,,,,,,,,,,,,,651,,,,0.19,,Fish 17,,,,,,,,,,,,,,,,,06/14/17,Michelle Abascal,10/07/17,James Simons,,
ACT_6G,Cfab.17,Raw,Chaetodipterus faber,Chaetodipterus faber,Gut Content,1,1,1,0,0,,,,,,,,,,,,,,,,,,,,,,,391,,,,0.06,,Fish 18,,,,,,,,,,,,,,,,,06/14/17,Michelle Abascal,10/07/17,James Simons,,
ACT_6G,Cfab.18,Raw,Chaetodipterus faber,Chaetodipterus faber,Gut Content,1,1,1,0,0,,,,,,,,,,,,,,,,,,,,,,,1041,,,,2.25,,Fish 19,,,,,,,,,,,,,,,,,06/14/17,Michelle Abascal,10/07/17,James Simons,,
ACT_6G,Cfab.19,Raw,Chaetodipterus faber,Chaetodipterus faber,Gut Content,1,1,1,0,0,,,,,,,,,,,,,,,,,,,,,,,713,,,,0.05,,Fish 20,,,,,,,,,,,,,,,,,06/14/17,Michelle Abascal,10/07/17,James Simons,,
ACT_6G,Cfab.20,Raw,Chaetodipterus faber,Chaetodipterus faber,Gut Content,1,1,1,0,0,,,,,,,,,,,,,,,,,,,,,,,811,,,,0.12,,Fish 21,,,,,,,,,,,,,,,,,06/14/17,Michelle Abascal,10/07/17,James Simons,,
ACT_6G,Cfab.21,Raw,Chaetodipterus faber,Chaetodipterus faber,Gut Content,1,1,1,0,0,,,,,,,,,,,,,,,,,,,,,,,630,,,,0.25,,Fish 22,,,,,,,,,,,,,,,,,06/14/17,Michelle Abascal,10/07/17,James Simons,,
ACT_6G,Cfab.22,Raw,Chaetodipterus faber,Chaetodipterus faber,Gut Content,1,0,0,1,1,,,,,,,,,,,,,,,,,,,,,,,732,,,,0,,Fish 23,,,,,,,,,,,,,,,,,06/14/17,Michelle Abascal,10/07/17,James Simons,,
ACT_6G,Cfab.23,Raw,Chaetodipterus faber,Chaetodipterus faber,Gut Content,1,1,1,0,0,,,,,,,,,,,,,,,,,,,,,,,1050,,,,0.1,,Fish 24,,,,,,,,,,,,,,,,,06/14/17,Michelle Abascal,10/07/17,James Simons,,
ACT_6G,Cfab.24,Raw,Chaetodipterus faber,Chaetodipterus faber,Gut Content,1,1,1,0,0,,,,,,,,,,,,,,,,,,,,,,,940,,,,0.06,,Fish 25,,,,,,,,,,,,,,,,,06/14/17,Michelle Abascal,10/07/17,James Simons,,
ACT_6G,Cfab.25,Raw,Chaetodipterus faber,Chaetodipterus faber,Gut Content,1,1,1,0,0,,,,,,,,,,,,,,,,,,,,,,,1205,,,,0.58,,Fish 26,,,,,,,,,,,,,,,,,06/14/17,Michelle Abascal,10/07/17,James Simons,,
ACT_6G,Cfab.26,Raw,Chaetodipterus faber,Chaetodipterus faber,Gut Content,1,1,1,0,0,,,,,,,,,,,,,,,,,,,,,,,1000,,,,0.53,,Fish 27,,,,,,,,,,,,,,,,,06/14/17,Michelle Abascal,10/07/17,James Simons,,
ACT_6G,Cfab.27,Raw,Chaetodipterus faber,Chaetodipterus faber,Gut Content,1,1,1,0,0,,,,,,,,,,,,,,,,,,,,,,,881,,,,0.17,,Fish 28,,,,,,,,,,,,,,,,,06/14/17,Michelle Abascal,10/07/17,James Simons,,
ACT_6G,Cfab.28,Raw,Chaetodipterus faber,Chaetodipterus faber,Gut Content,1,1,1,0,0,,,,,,,,,,,,,,,,,,,,,,,1029,,,,6.01,,Fish 29,,,,,,,,,,,,,,,,,06/14/17,Michelle Abascal,10/07/17,James Simons,,
ACT_6G,Cfab.29,Raw,Chaetodipterus faber,Chaetodipterus faber,Gut Content,1,1,1,0,0,,,,,,,,,,,,,,,,,,,,,,,909,,,,2.1,,Fish 30,,,,,,,,,,,,,,,,,06/14/17,Michelle Abascal,10/07/17,James Simons,,
ACT_6G,Cfab.30,Raw,Chaetodipterus faber,Chaetodipterus faber,Gut Content,1,1,1,0,0,,,,,,,,,,,,,,,,,,,,,,,794,,,,0.31,,Fish 31,,,,,,,,,,,,,,,,,06/14/17,Michelle Abascal,10/07/17,James Simons,,
ACT_6G,Cfab.31,Raw,Chaetodipterus faber,Chaetodipterus faber,Gut Content,1,1,1,0,0,,,,,,,,,,,,,,,,,,,,,,,1097,,,,0.11,,Fish 32,,,,,,,,,,,,,,,,,06/14/17,Michelle Abascal,10/07/17,James Simons,,
ACT_6G,Cfab.32,Raw,Chaetodipterus faber,Chaetodipterus faber,Gut Content,1,1,1,0,0,,,,,,,,,,,,,,,,,,,,,,,980,,,,13.35,,Fish 33,,,,,,,,,,,,,,,,,06/14/17,Michelle Abascal,10/07/17,James Simons,,
ACT_6G,Cfab.33,Raw,Chaetodipterus faber,Chaetodipterus faber,Gut Content,1,1,1,0,0,,,,,,,,,,,,,,,,,,,,,,,961,,,,7.94,,Fish 34,,,,,,,,,,,,,,,,,06/14/17,Michelle Abascal,10/07/17,James Simons,,
ACT_6G,Cfab.34,Raw,Chaetodipterus faber,Chaetodipterus faber,Gut Content,1,1,1,0,0,,,,,,,,,,,,,,,,,,,,,,,950,,,,2.75,,Fish 35,,,,,,,,,,,,,,,,,06/14/17,Michelle Abascal,10/07/17,James Simons,,
ACT_6G,Cfab.35,Raw,Chaetodipterus faber,Chaetodipterus faber,Gut Content,1,1,1,0,0,,,,,,,,,,,,,,,,,,,,,,,1401,,,,0.07,,Fish 36,,,,,,,,,,,,,,,,,06/14/17,Michelle Abascal,10/07/17,James Simons,,
ACT_6G,Cfab.36,Raw,Chaetodipterus faber,Chaetodipterus faber,Gut Content,1,1,1,0,0,,,,,,,,,,,,,,,,,,,,,,,731,,,,1.17,,Fish 37,,,,,,,,,,,,,,,,,06/14/17,Michelle Abascal,10/07/17,James Simons,,
ACT_6G,Cfab.37,Raw,Chaetodipterus faber,Chaetodipterus faber,Gut Content,1,1,1,0,0,,,,,,,,,,,,,,,,,,,,,,,822,,,,9.87,,Fish 38,,,,,,,,,,,,,,,,,06/14/17,Michelle Abascal,10/07/17,James Simons,,
ACT_6G,Cfab.38,Raw,Chaetodipterus faber,Chaetodipterus faber,Gut Content,1,1,1,0,0,,,,,,,,,,,,,,,,,,,,,,,3136,,,,0.25,,Fish 39,,,,,,,,,,,,,,,,,06/14/17,Michelle Abascal,10/07/17,James Simons,,
ACT_6G,Cfab.39,Raw,Chaetodipterus faber,Chaetodipterus faber,Gut Content,1,1,1,0,0,,,,,,,,,,,,,,,,,,,,,,,875,,,,1.49,,Fish 40,,,,,,,,,,,,,,,,,06/14/17,Michelle Abascal,10/07/17,James Simons,,
ACT_6G,Cfab.40,Raw,Chaetodipterus faber,Chaetodipterus faber,Gut Content,1,1,1,0,0,,,,,,,,,,,,,,,,,,,,,,,532,,,,7.47,,Fish 41,,,,,,,,,,,,,,,,,06/14/17,Michelle Abascal,10/07/17,James Simons,,
ACT_6G,Cfab.41,Raw,Chaetodipterus faber,Chaetodipterus faber,Gut Content,1,1,1,0,0,,,,,,,,,,,,,,,,,,,,,,,1134,,,,12.43,,Fish 42,,,,,,,,,,,,,,,,,06/14/17,Michelle Abascal,10/07/17,James Simons,,
ACT_6G,Cfab.42,Raw,Chaetodipterus faber,Chaetodipterus faber,Gut Content,1,1,1,0,0,,,,,,,,,,,,,,,,,,,,,,,749,,,,3.63,,Fish 43,,,,,,,,,,,,,,,,,06/14/17,Michelle Abascal,10/07/17,James Simons,,
ACT_6G,Cfab.43,Raw,Chaetodipterus faber,Chaetodipterus faber,Gut Content,1,1,1,0,0,,,,,,,,,,,,,,,,,,,,,,,964,,,,0.43,,Fish 44,,,,,,,,,,,,,,,,,06/14/17,Michelle Abascal,10/07/17,James Simons,,
ACT_6G,Cfab.44,Raw,Chaetodipterus faber,Chaetodipterus faber,Gut Content,1,1,1,0,0,,,,,,,,,,,,,,,,,,,,,,,2826,,,,0.6,,Fish 45,,,,,,,,,,,,,,,,,06/14/17,Michelle Abascal,10/07/17,James Simons,,
ACT_6G,Cfab.45,Raw,Chaetodipterus faber,Chaetodipterus faber,Gut Content,1,1,1,0,0,,,,,,,,,,,,,,,,,,,,,,,752,,,,4.77,,Fish 46,,,,,,,,,,,,,,,,,06/14/17,Michelle Abascal,10/07/17,James Simons,,
ACT_6G,Cfab.46,Raw,Chaetodipterus faber,Chaetodipterus faber,Gut Content,1,1,1,0,0,,,,,,,,,,,,,,,,,,,,,,,760,,,,2.12,,Fish 47,,,,,,,,,,,,,,,,,06/14/17,Michelle Abascal,10/07/17,James Simons,,
ACT_6G,Cfab.47,Raw,Chaetodipterus faber,Chaetodipterus faber,Gut Content,1,1,1,0,0,,,,,,,,,,,,,,,,,,,,,,,831,,,,4.67,,Fish 48,,,,,,,,,,,,,,,,,06/14/17,Michelle Abascal,10/07/17,James Simons,,
ACT_6G,Cfab.48,Raw,Chaetodipterus faber,Chaetodipterus faber,Gut Content,1,1,1,0,0,,,,,,,,,,,,,,,,,,,,,,,950,,,,0.47,,Fish 49,,,,,,,,,,,,,,,,,06/14/17,Michelle Abascal,10/07/17,James Simons,,
ACT_6G,Cfab.49,Raw,Chaetodipterus faber,Chaetodipterus faber,Gut Content,1,1,1,0,0,,,,,,,,,,,,,,,,,,,,,,,665,,,,2.93,,Fish 50,,,,,,,,,,,,,,,,,06/14/17,Michelle Abascal,10/07/17,James Simons,,
ACT_6G,Cfab.50,Raw,Chaetodipterus faber,Chaetodipterus faber,Gut Content,1,1,1,0,0,,,,,,,,,,,,,,,,,,,,,,,980,,,,5.72,,Fish 51,,,,,,,,,,,,,,,,,06/14/17,Michelle Abascal,10/07/17,James Simons,,
ACT_6G,Cfab.51,Raw,Chaetodipterus faber,Chaetodipterus faber,Gut Content,1,1,1,0,0,,,,,,,,,,,,,,,,,,,,,,,530,,,,0.88,,Fish 52,,,,,,,,,,,,,,,,,06/14/17,Michelle Abascal,10/07/17,James Simons,,
ACT_6G,Cfab.52,Raw,Chaetodipterus faber,Chaetodipterus faber,Gut Content,1,1,1,0,0,,,,,,,,,,,,,,,,,,,,,,,752,,,,3.87,,Fish 53,,,,,,,,,,,,,,,,,06/14/17,Michelle Abascal,10/07/17,James Simons,,
ACT_6G,Cfab.53,Raw,Chaetodipterus faber,Chaetodipterus faber,Gut Content,1,1,1,0,0,,,,,,,,,,,,,,,,,,,,,,,991,,,,3.65,,Fish 54,,,,,,,,,,,,,,,,,06/14/17,Michelle Abascal,10/07/17,James Simons,,
ACT_6G,Cfab.54,Raw,Chaetodipterus faber,Chaetodipterus faber,Gut Content,1,1,1,0,0,,,,,,,,,,,,,,,,,,,,,,,810,,,,10.71,,Fish 55,,,,,,,,,,,,,,,,,06/14/17,Michelle Abascal,10/07/17,James Simons,,
ACT_6G,Cfab.55,Raw,Chaetodipterus faber,Chaetodipterus faber,Gut Content,1,1,1,0,0,,,,,,,,,,,,,,,,,,,,,,,705,,,,3.93,,Fish 56,,,,,,,,,,,,,,,,,06/14/17,Michelle Abascal,10/07/17,James Simons,,
ACT_6G,Cfab.56,Raw,Chaetodipterus faber,Chaetodipterus faber,Gut Content,1,1,1,0,0,,,,,,,,,,,,,,,,,,,,,,,538,,,,8.58,,Fish 57,,,,,,,,,,,,,,,,,06/14/17,Michelle Abascal,10/07/17,James Simons,,
ACT_6G,Cfab.57,Raw,Chaetodipterus faber,Chaetodipterus faber,Gut Content,1,1,1,0,0,,,,,,,,,,,,,,,,,,,,,,,868,,,,3.68,,Fish 58,,,,,,,,,,,,,,,,,06/14/17,Michelle Abascal,10/07/17,James Simons,,
ACT_6G,Cfab.58,Raw,Chaetodipterus faber,Chaetodipterus faber,Gut Content,1,1,1,0,0,,,,,,,,,,,,,,,,,,,,,,,590,,,,2.59,,Fish 59,,,,,,,,,,,,,,,,,06/14/17,Michelle Abascal,10/07/17,James Simons,,
ACT_6G,Cfab.59,Raw,Chaetodipterus faber,Chaetodipterus faber,Gut Content,1,1,1,0,0,,,,,,,,,,,,,,,,,,,,,,,3271,,,,1.04,,Fish 60,,,,,,,,,,,,,,,,,06/14/17,Michelle Abascal,10/07/17,James Simons,,
ACT_6G,Cfab.60,Raw,Chaetodipterus faber,Chaetodipterus faber,Gut Content,1,1,1,0,0,,,,,,,,,,,,,,,,,,,,,,,1040,,,,7.78,,Fish 61,,,,,,,,,,,,,,,,,06/14/17,Michelle Abascal,10/07/17,James Simons,,
ACT_6G,Cfab.61,Raw,Chaetodipterus faber,Chaetodipterus faber,Gut Content,1,1,1,0,0,,,,,,,,,,,,,,,,,,,,,,,697,,,,17.37,,Fish 62,,,,,,,,,,,,,,,,,06/14/17,Michelle Abascal,10/07/17,James Simons,,
ACT_6G,Cfab.62,Raw,Chaetodipterus faber,Chaetodipterus faber,Gut Content,1,1,1,0,0,,,,,,,,,,,,,,,,,,,,,,,432,,,,2.65,,Fish 63,,,,,,,,,,,,,,,,,06/14/17,Michelle Abascal,10/07/17,James Simons,,
ACT_6G,Cfab.63,Raw,Chaetodipterus faber,Chaetodipterus faber,Gut Content,1,1,1,0,0,,,,,,,,,,,,,,,,,,,,,,,794,,,,0.25,,Fish 64,,,,,,,,,,,,,,,,,06/14/17,Michelle Abascal,10/07/17,James Simons,,
ACT_6G,Cfab.64,Raw,Chaetodipterus faber,Chaetodipterus faber,Gut Content,1,1,1,0,0,,,,,,,,,,,,,,,,,,,,,,,1337,,,,1.49,,Fish 65,,,,,,,,,,,,,,,,,06/14/17,Michelle Abascal,10/07/17,James Simons,,
ACT_6M,Asol.1,Not disaggregated,Acanthocybium solanderi,Acanthocybium solanderi,GUT CONTENT,618,272,0.4,346,0.6,,,,,,,,,,,,,,,,,,,,,,,,,,,,,,,,,,,,,,,,,,,,,,06/05/17,Michelle Abascal,10/07/17,James Simons,,
ACT_6M,Asol.2,Not disaggregated,Acanthocybium solanderi,Acanthocybium solanderi,GUT CONTENT,172,123,0.7,49,0.3,,,,,,,,,,,,,,,,,,,,,,,,,,,,,,,,,,,,,,,,,,,,,,06/05/17,Michelle Abascal,10/07/17,James Simons,,
ACT_6M,Asol.3,Not disaggregated,Acanthocybium solanderi,Acanthocybium solanderi,GUT CONTENT,97,71,0.7,26,0.3,,,,,,,,,,,,,,,,,,,,,,,,,,,,,,,,,,,,,,,,,,,,,,06/05/17,Michelle Abascal,10/07/17,James Simons,,
ACT_5L,Ppor.1,Not disaggregated,Porichthys porosissimus,Porichthys plectrodon,GUT CONTENT,,588,,,,,,,,,,,,,,,,,,,,,,,,,,,,,,,,,,,,,,,,,,,,,,,,,06/07/17,Michelle Abascal,10/07/17,James Simons,,
ACT_9M,Chip.1,Not disaggregated,Coryphaena hippurus,Coryphaena hippurus,GUT CONTENT,2632,2219,0.8,413,0.2,,,,,FL,250,1530,,,,,,,,,,,,,,,,,,,,,,,,,,,,,,,,,,,,,,,06/08/17,Michelle Abascal,10/07/17,James Simons,,
ACT_23R,Cphi.1,Not disaggregated,Centropristis philadelphica,Centropristis philadelphica,GUT CONTENT,1200,865,0.721,335,0.279,,,,,SL,,224,,,,,,,,,,,,,,,,,,,,,,,,,,,,,,,,,,,,,,,06/12/17,Michelle Abascal,10/07/17,James Simons,,
ACT_23R,Cphi.2,Size/age,Centropristis philadelphica,Centropristis philadelphica,GUT CONTENT,330,242,0.733,88,0.267,,,,,SL,0,74,,,,,,,,,,0,0,0,,,,,,,,,,,,,,,,,,,,,,,,,,,06/12/17,Michelle Abascal,10/07/17,James Simons,,
ACT_23R,Cphi.3,Size/age,Centropristis philadelphica,Centropristis philadelphica,GUT CONTENT,843,608,0.721,235,0.279,,,,,SL,75,149,,,,,,,,,,1,1,1,,,,,,,,,,,,,,,,,,,,,,,,,,,06/12/17,Michelle Abascal,10/07/17,James Simons,,
ACT_23R,Cphi.4,Size/age,Centropristis philadelphica,Centropristis philadelphica,GUT CONTENT,47,29,0.617,18,0.383,,,,,SL,150,224,,,,,,,,,,2,4,3,,,,,,,,,,,,,,,,,,,,,,,,,,,06/12/17,Michelle Abascal,10/07/17,James Simons,,
ACT_23R,Cphi.5,Diel,Centropristis philadelphica,Centropristis philadelphica,GUT CONTENT,497,399,0.803,98,0.197,,,,,,,,,,,,,,,,,,,,,,,,,,,,,,,,,,,,,,,,,,,,,,06/12/17,Michelle Abascal,10/07/17,James Simons,,
ACT_23R,Cphi.6,Diel,Centropristis philadelphica,Centropristis philadelphica,GUT CONTENT,703,466,0.663,237,0.337,,,,,,,,,,,,,,,,,,,,,,,,,,,,,,,,,,,,,,,,,,,,,,06/12/17,Michelle Abascal,10/07/17,James Simons,,
ACT_23R,Cphi.7,Season (ssfw) ,Centropristis philadelphica,Centropristis philadelphica,GUT CONTENT,300,217,0.724,83,0.276,,,,,,,,,,,,,,,,,,,,,,,,,,,,,,,,,,,,,,,,,,,,,,06/12/17,Michelle Abascal,10/07/17,James Simons,,
ACT_23R,Cphi.8,Season (ssfw) ,Centropristis philadelphica,Centropristis philadelphica,GUT CONTENT,300,230,0.767,70,0.233,,,,,,,,,,,,,,,,,,,,,,,,,,,,,,,,,,,,,,,,,,,,,,06/12/17,Michelle Abascal,10/07/17,James Simons,,
ACT_23R,Cphi.9,Season (ssfw) ,Centropristis philadelphica,Centropristis philadelphica,GUT CONTENT,300,205,0.683,95,0.317,,,,,,,,,,,,,,,,,,,,,,,,,,,,,,,,,,,,,,,,,,,,,,06/12/17,Michelle Abascal,10/07/17,James Simons,,
ACT_23R,Cphi.10,Season (ssfw) ,Centropristis philadelphica,Centropristis philadelphica,GUT CONTENT,300,213,0.71,87,0.29,,,,,,,,,,,,,,,,,,,,,,,,,,,,,,,,,,,,,,,,,,,,,,06/12/17,Michelle Abascal,10/07/17,James Simons,,
ACT_23R,Cphi.11,Depth,Centropristis philadelphica,Centropristis philadelphica,GUT CONTENT,795,596,0.75,199,0.25,,,,,,,,,,,,,,,,,,,,,,,,,,,,,,,,,,,,,,,,,,,,,,,,,,,
ACT_23R,Cphi.12,Depth,Centropristis philadelphica,Centropristis philadelphica,GUT CONTENT,405,269,0.664,136,0.336,,,,,,,,,,,,,,,,,,,,,,,,,,,,,,,,,,,,,,,,,,,,,,,,,,,
ACT_27P,Hacu.1,Not disaggregated,Halieutichthys aculeatus,Halieutichthys aculeatus,GUT CONTENT,,,,,,,,,,,,,,,,,,,,,,,,,,,,,,,,,,,,,,,,,,,,,,,,,,,05/31/17,Michelle Abascal,10/07/17,James Simons,,
ACT_27P,Cnot.1,Not disaggregated,Cynoscion nothus,Cynoscion nothus,GUT CONTENT,,,,,,,,,,,,,,,,,,,,,,,,,,,,,,,,,,,,,,,,,,,,,,,,,,,05/31/17,Michelle Abascal,10/07/17,James Simons,,
ACT_27P,Cphi.1,Not disaggregated,Centropristis philadelphica,Centropristis philadelphica,GUT CONTENT,,,,,,,,,,,,,,,,,,,,,,,,,,,,,,,,,,,,,,,,,,,,,,,,,,,05/31/17,Michelle Abascal,10/07/17,James Simons,,
ACT_27P,Cspi.1,Not disaggregated,Citharichthyes spilopterus,Citharichthyes spilopterus,GUT CONTENT,,,,,,,,,,,,,,,,,,,,,,,,,,,,,,,,,,,,,,,,,,,,,,,,,,,05/31/17,Michelle Abascal,10/07/17,James Simons,,
ACT_27P,Ecro.1,Not disaggregated,Etropus crossotus,Etropus crossotus,GUT CONTENT,,,,,,,,,,,,,,,,,,,,,,,,,,,,,,,,,,,,,,,,,,,,,,,,,,,05/31/17,Michelle Abascal,10/07/17,James Simons,,
ACT_27P,Cneb.1,Not disaggregated,Cynoscion nebulosus,Cynoscion nebulosus,GUT CONTENT,,,,,,,,,,,,,,,,,,,,,,,,,,,,,,,,,,,,,,,,,,,,,,,,,,,05/31/17,Michelle Abascal,10/07/17,James Simons,,
ACT_27P,Hacu.2,Not disaggregated,Halieutichthys aculeatus,Halieutichthys aculeatus,GUT CONTENT,,,,,,,,,,,,,,,,,,,,,,,,,,,,,,,,,,,,,,,,,,,,,,,,,,,05/31/17,Michelle Abascal,10/07/17,James Simons,,
ACT_27P,Hacu.3,Not disaggregated,Halieutichthys aculeatus,Halieutichthys aculeatus,GUT CONTENT,,,,,,,,,,,,,,,,,,,,,,,,,,,,,,,,,,,,,,,,,,,,,,,,,,,05/31/17,Michelle Abascal,10/07/17,James Simons,,
ACT_27P,Lbre.1,Not disaggregated,Lepophidium brevibarbe,Lepophidium brevibarbe,GUT CONTENT,,,,,,,,,,,,,,,,,,,,,,,,,,,,,,,,,,,,,,,,,,,,,,,,,,,05/31/17,Michelle Abascal,10/07/17,James Simons,,
ACT_27P,Ppor.1,Not disaggregated,Porichthys porosissimus,Porichthys plectrodon,GUT CONTENT,,,,,,,,,,,,,,,,,,,,,,,,,,,,,,,,,,,,,,,,,,,,,,,,,,,05/31/17,Michelle Abascal,10/07/17,James Simons,,
ACT_10W,Creg.1,Location,Cynoscion regalis,Cynoscion regalis,GUT CONTENT,28,23,0.8,5,0.2,,,,,SL,70,110,,,,,,,,,,,,,,,,,,,,,,,,,,,,,,,,,,,,,,,05/31/17,Michelle Abascal,10/07/17,James Simons,,
ACT_10W,Creg.2,Location,Cynoscion regalis,Cynoscion regalis,GUT CONTENT,30,21,0.7,9,0.3,,,,,SL,240,390,,,,,,,,,,,,,,,,,,,,,,,,,,,,,,,,,,,,,,,05/31/17,Michelle Abascal,10/07/17,James Simons,,
ACT_10W,Creg.3,Location,Cynoscion regalis,Cynoscion regalis,GUT CONTENT,32,,,,,,,,,SL,26,78,,,,,,,,,,,,,,,,,,,,,,,,,,,,,,,,,,,,,,,05/31/17,Michelle Abascal,10/07/17,James Simons,,
ACT_10W,Creg.4,Location,Cynoscion regalis,Cynoscion regalis,GUT CONTENT,45,,,,,,,,,SL,43,115,,,,,,,,,,,,,,,,,,,,,,,,,,,,,,,,,,,,,,,05/31/17,Michelle Abascal,10/07/17,James Simons,,
ACT_10W,Creg.5,Location,Cynoscion regalis,Cynoscion regalis,GUT CONTENT,5,1,0.2,4,0.8,,,,,SL,120,210,,,,,,,,,,,,,,,,,,,,,,,,,,,,,,,,,,,,,,,05/31/17,Michelle Abascal,10/07/17,James Simons,,
ACT_10W,Creg.6,Location,Cynoscion regalis,Cynoscion regalis,GUT CONTENT,2,1,0.5,1,0.5,,,,,SL,130,140,,,,,,,,,,,,,,,,,,,,,,,,,,,,,,,,,,,,,,,05/31/17,Michelle Abascal,10/07/17,James Simons,,
ACT_10W,Creg.7,Location,Cynoscion regalis,Cynoscion regalis,GUT CONTENT,34,29,0.8,5,0.2,,,,,SL,28,62,,,,,,,,,,,,,,,,,,,,,,,,,,,,,,,,,,,,,,,05/31/17,Michelle Abascal,10/07/17,James Simons,,
ACT_10W,Creg.8,Location,Cynoscion regalis,Cynoscion regalis,GUT CONTENT,105,31,0.3,74,0.7,,,,,SL,50,170,,,,,,,,,,,,,,,,,,,,,,,,,,,,,,,,,,,,,,,05/31/17,Michelle Abascal,10/07/17,James Simons,,
ACT_10W,Creg.9,Location,Cynoscion regalis,Cynoscion regalis,GUT CONTENT,32,16,0.5,16,0.5,,,,,SL,60,210,,,,,,,,,,,,,,,,,,,,,,,,,,,,,,,,,,,,,,,05/31/17,Michelle Abascal,10/07/17,James Simons,,
ACT_10W,Creg.10,Size,Cynoscion regalis,Cynoscion regalis,GUT CONTENT,41,16,0.4,25,0.6,,,,,SL,200,250,,,,,,,,,,,,,,,,,,,,,,,,,,,,,,,,,,,,,,,05/31/17,Michelle Abascal,10/07/17,James Simons,,
ACT_10W,Creg.11,Size,Cynoscion regalis,Cynoscion regalis,GUT CONTENT,88,44,0.5,44,0.5,,,,,SL,250,300,,,,,,,,,,,,,,,,,,,,,,,,,,,,,,,,,,,,,,,05/31/17,Michelle Abascal,10/07/17,James Simons,,
ACT_10W,Creg.12,Size,Cynoscion regalis,Cynoscion regalis,GUT CONTENT,70,34,0.49,36,0.51,,,,,SL,300,350,,,,,,,,,,,,,,,,,,,,,,,,,,,,,,,,,,,,,,,05/31/17,Michelle Abascal,10/07/17,James Simons,,
ACT_10W,Creg.13,Size,Cynoscion regalis,Cynoscion regalis,GUT CONTENT,49,33,0.7,16,0.3,,,,,SL,350,400,,,,,,,,,,,,,,,,,,,,,,,,,,,,,,,,,,,,,,,05/31/17,Michelle Abascal,10/07/17,James Simons,,
ACT_10W,Creg.14,Size,Cynoscion regalis,Cynoscion regalis,GUT CONTENT,53,47,0.9,6,0.1,,,,,SL,400,450,,,,,,,,,,,,,,,,,,,,,,,,,,,,,,,,,,,,,,,05/31/17,Michelle Abascal,10/07/17,James Simons,,
ACT_10W,Creg.15,Size,Cynoscion regalis,Cynoscion regalis,GUT CONTENT,38,32,0.9,6,0.1,,,,,SL,450,500,,,,,,,,,,,,,,,,,,,,,,,,,,,,,,,,,,,,,,,05/31/17,Michelle Abascal,10/07/17,James Simons,,
ACT_10W,Creg.16,Size,Cynoscion regalis,Cynoscion regalis,GUT CONTENT,21,18,0.9,3,0.1,,,,,SL,500,550,,,,,,,,,,,,,,,,,,,,,,,,,,,,,,,,,,,,,,,05/31/17,Michelle Abascal,10/07/17,James Simons,,
ACT_10W,Creg.17,Size,Cynoscion regalis,Cynoscion regalis,GUT CONTENT,17,11,0.6,6,0.4,,,,,SL,550,600,,,,,,,,,,,,,,,,,,,,,,,,,,,,,,,,,,,,,,,05/31/17,Michelle Abascal,10/07/17,James Simons,,
ACT_10W,Creg.18,Size,Cynoscion regalis,Cynoscion regalis,GUT CONTENT,5,5,1,0,0,,,,,SL,600,650,,,,,,,,,,,,,,,,,,,,,,,,,,,,,,,,,,,,,,,05/31/17,Michelle Abascal,10/07/17,James Simons,,
ACT_10W,Lfas.1,Location,Larimus fasciatus,Larimus fasciatus,GUT CONTENT,1,1,1,0,0,,,,,SL,,,50,,,,,,,,,,,,,,,,,,,,,,,,,,,,,,,,,,,,,,05/31/17,Michelle Abascal,10/07/17,James Simons,,
ACT_10W,Lfas.2,Location,Larimus fasciatus,Larimus fasciatus,GUT CONTENT,1,1,1,0,0,,,,,SL,,,80,,,,,,,,,,,,,,,,,,,,,,,,,,,,,,,,,,,,,,05/31/17,Michelle Abascal,10/07/17,James Simons,,
ACT_10W,Lfas.3,Location,Larimus fasciatus,Larimus fasciatus,GUT CONTENT,1,0,0,1,1,,,,,SL,,,90,,,,,,,,,,,,,,,,,,,,,,,,,,,,,,,,,,,,,,05/31/17,Michelle Abascal,10/07/17,James Simons,,
ACT_10W,Lfas.4,Location,Larimus fasciatus,Larimus fasciatus,GUT CONTENT,1,0,0,1,1,,,,,SL,,,110,,,,,,,,,,,,,,,,,,,,,,,,,,,,,,,,,,,,,,05/31/17,Michelle Abascal,10/07/17,James Simons,,
ACT_10W,Bchr.1,Location,Bairdiella chrysura,Bairdiella chrysoura,GUT CONTENT,21,,,,,,,,,SL,60,82,,,,,,,,,,,,,,,,,,,,,,,,,,,,,,,,,,,,,,,05/31/17,Michelle Abascal,10/07/17,James Simons,,
ACT_10W,Slan.1,Location,Stellifer lanceolatus,Stellifer lanceolatus,GUT CONTENT,50,,,,,,,,,SL,21,80,,,,,,,,,,,,,,,,,,,,,,,,,,,,,,,,,,,,,,,05/31/17,Michelle Abascal,10/07/17,James Simons,,
ACT_10W,Slan.2,Location,Stellifer lanceolatus,Stellifer lanceolatus,GUT CONTENT,7,,,,,,,,,SL,40,100,,,,,,,,,,,,,,,,,,,,,,,,,,,,,,,,,,,,,,,05/31/17,Michelle Abascal,10/07/17,James Simons,,
ACT_10W,Slan.3,Location,Stellifer lanceolatus,Stellifer lanceolatus,GUT CONTENT,5,4,0.8,1,0.2,,,,,SL,90,110,,,,,,,,,,,,,,,,,,,,,,,,,,,,,,,,,,,,,,,05/31/17,Michelle Abascal,10/07/17,James Simons,,
ACT_10W,Slan.4,Location,Stellifer lanceolatus,Stellifer lanceolatus,GUT CONTENT,3,1,0.3,2,0.7,,,,,SL,110,120,,,,,,,,,,,,,,,,,,,,,,,,,,,,,,,,,,,,,,,05/31/17,Michelle Abascal,10/07/17,James Simons,,
ACT_10W,Slan.5,Location,Stellifer lanceolatus,Stellifer lanceolatus,GUT CONTENT,8,6,0.8,2,0.2,,,,,SL,40,90,,,,,,,,,,,,,,,,,,,,,,,,,,,,,,,,,,,,,,,05/31/17,Michelle Abascal,10/07/17,James Simons,,
ACT_10W,Slan.6,Location,Stellifer lanceolatus,Stellifer lanceolatus,GUT CONTENT,11,9,0.8,2,0.2,,,,,SL,70,90,,,,,,,,,,,,,,,,,,,,,,,,,,,,,,,,,,,,,,,05/31/17,Michelle Abascal,10/07/17,James Simons,,
ACT_10W,Lxan.1,Location,Leiostomus xanthurus,Leiostomus xanthurus,GUT CONTENT,50,,,,,,,,,SL,21,35,,,,,,,,,,,,,,,,,,,,,,,,,,,,,,,,,,,,,,,05/31/17,Michelle Abascal,10/07/17,James Simons,,
ACT_10W,Lxan.2,Location,Leiostomus xanthurus,Leiostomus xanthurus,GUT CONTENT,57,,,,,,,,,SL,80,130,,,,,,,,,,,,,,,,,,,,,,,,,,,,,,,,,,,,,,,05/31/17,Michelle Abascal,10/07/17,James Simons,,
ACT_10W,Mund.1,Location,Micropogon undulatus,Micropogonias undulatus,GUT CONTENT,24,18,0.75,6,0.25,,,,,SL,90,170,,,,,,,,,,,,,,,,,,,,,,,,,,,,,,,,,,,,,,,05/31/17,Michelle Abascal,10/07/17,James Simons,,
ACT_10W,Mund.2,Location,Micropogon undulatus,Micropogonias undulatus,GUT CONTENT,8,,,,,,,,,SL,120,160,,,,,,,,,,,,,,,,,,,,,,,,,,,,,,,,,,,,,,,05/31/17,Michelle Abascal,10/07/17,James Simons,,
ACT_10W,Mund.3,Location,Micropogon undulatus,Micropogonias undulatus,GUT CONTENT,31,0,0,31,1,,,,,SL,120,150,,,,,,,,,,,,,,,,,,,,,,,,,,,,,,,,,,,,,,,05/31/17,Michelle Abascal,10/07/17,James Simons,,
ACT_10W,Mund.4,Location,Micropogon undulatus,Micropogonias undulatus,GUT CONTENT,45,,,,,,,,,SL,17,42,,,,,,,,,,,,,,,,,,,,,,,,,,,,,,,,,,,,,,,05/31/17,Michelle Abascal,10/07/17,James Simons,,
ACT_10W,Mund.5,Location,Micropogon undulatus,Micropogonias undulatus,GUT CONTENT,37,,,,,,,,,SL,42,62,,,,,,,,,,,,,,,,,,,,,,,,,,,,,,,,,,,,,,,05/31/17,Michelle Abascal,10/07/17,James Simons,,
ACT_10W,Mame.1,Location,Menticirrhus americanus,Menticirrhus americanus,GUT CONTENT,50,50,1,0,0,,,,,SL,28,58,,,,,,,,,,,,,,,,,,,,,,,,,,,,,,,,,,,,,,,05/31/17,Michelle Abascal,10/07/17,James Simons,,
ACT_10W,Mame.2,Location,Menticirrhus americanus,Menticirrhus americanus,GUT CONTENT,6,5,0.8,1,0.2,,,,,SL,70,130,,,,,,,,,,,,,,,,,,,,,,,,,,,,,,,,,,,,,,,05/31/17,Michelle Abascal,10/07/17,James Simons,,
ACT_10W,Mame.3,Location,Menticirrhus americanus,Menticirrhus americanus,GUT CONTENT,7,,,,,,,,,SL,90,180,,,,,,,,,,,,,,,,,,,,,,,,,,,,,,,,,,,,,,,05/31/17,Michelle Abascal,10/07/17,James Simons,,
ACT_10W,Mame.4,Location,Menticirrhus americanus,Menticirrhus americanus,GUT CONTENT,8,5,0.6,3,0.4,,,,,SL,80,140,,,,,,,,,,,,,,,,,,,,,,,,,,,,,,,,,,,,,,,05/31/17,Michelle Abascal,10/07/17,James Simons,,
ACT_10W,Mame.5,Location,Menticirrhus americanus,Menticirrhus americanus,GUT CONTENT,47,47,1,0,0,,,,,SL,120,250,,,,,,,,,,,,,,,,,,,,,,,,,,,,,,,,,,,,,,,05/31/17,Michelle Abascal,10/07/17,James Simons,,
ACT_10W,Msax.1,Location,Menticirrhus saxatilis,Menticirrhus saxatilis,GUT CONTENT,9,4,0.4,5,0.6,,,,,SL,200,240,,,,,,,,,,,,,,,,,,,,,,,,,,,,,,,,,,,,,,,05/31/17,Michelle Abascal,10/07/17,James Simons,,
ACT_10W,Msax.2,Location,Menticirrhus saxatilis,Menticirrhus saxatilis,GUT CONTENT,21,,,,,,,,,SL,19,72,,,,,,,,,,,,,,,,,,,,,,,,,,,,,,,,,,,,,,,05/31/17,Michelle Abascal,10/07/17,James Simons,,
ACT_10W,Msax.3,Location,Menticirrhus saxatilis,Menticirrhus saxatilis,GUT CONTENT,17,13,0.8,4,0.2,,,,,SL,24,74,,,,,,,,,,,,,,,,,,,,,,,,,,,,,,,,,,,,,,,05/31/17,Michelle Abascal,10/07/17,James Simons,,
ACT_10W,Msax.4,Location,Menticirrhus saxatilis,Menticirrhus saxatilis,GUT CONTENT,25,25,1,0,0,,,,,SL,19,30,,,,,,,,,,,,,,,,,,,,,,,,,,,,,,,,,,,,,,,05/31/17,Michelle Abascal,10/07/17,James Simons,,
ACT_10W,Epul.1,Not disaggregated,Eques pulcher,Eques pulcher,GUT CONTENT,,,,,,,,,,,,,,,,,,,,,,,,,,,,,,,,,,,,,,,,,,,,,,,,,,,05/31/17,Michelle Abascal,10/07/17,James Simons,,
ACT_7S,Smac.1,Location,Scomberomorus maculatus,Scomberomorus maculatus,Gut Content,1908,757,0.4,1151,0.6,,,,,SL,50,699,374.5,,,,,,,,,,,,,,,,,,,,,,,,,,,,,,,,,,,,,,06/20/17,Michelle Abascal,27/07/2017,James Simons,,
ACT_7S,Smac.2,Location,Scomberomorus maculatus,Scomberomorus maculatus,Gut Content,1067,312,0.29,755,0.71,,,,,SL,100,749,424.5,,,,,,,,,,,,,,,,,,,,,,,,,,,,,,,,,,,,,,06/20/17,Michelle Abascal,27/07/2017,James Simons,,
ACT_7S,Smac.3,Location,Scomberomorus maculatus,Scomberomorus maculatus,Gut Content,2779,850,0.31,1929,0.69,,,,,SL,200,699,449.5,,,,,,,,,,,,,,,,,,,,,,,,,,,,,,,,,,,,,,06/20/17,Michelle Abascal,27/07/2017,James Simons,,
ACT_7S,Smac.4,Location,Scomberomorus maculatus,Scomberomorus maculatus,Gut Content,887,421,0.47,466,0.53,,,,,SL,100,699,399.5,,,,,,,,,,,,,,,,,,,,,,,,,,,,,,,,,,,,,,06/20/17,Michelle Abascal,27/07/2017,James Simons,,
ACT_7S,Smac.5,Location,Scomberomorus maculatus,Scomberomorus maculatus,Gut Content,292,177,0.61,115,0.39,,,,,SL,100,699,399.5,,,,,,,,,,,,,,,,,,,,,,,,,,,,,,,,,,,,,,06/20/17,Michelle Abascal,27/07/2017,James Simons,,
ACT_7S,Smac.6,Year,Scomberomorus maculatus,Scomberomorus maculatus,Gut Content,770,380,0.494,390,0.506,,,,,,,,,,,,,,,,,,,,,,,,,,,,,,,,,,,,,,,,,,,,,,06/20/17,Michelle Abascal,27/07/2017,James Simons,,
ACT_7S,Smac.7,Year,Scomberomorus maculatus,Scomberomorus maculatus,Gut Content,1104,366,0.332,738,0.668,,,,,,,,,,,,,,,,,,,,,,,,,,,,,,,,,,,,,,,,,,,,,,06/20/17,Michelle Abascal,27/07/2017,James Simons,,
ACT_7S,Smac.8,Year,Scomberomorus maculatus,Scomberomorus maculatus,Gut Content,377,163,0.432,214,0.568,,,,,,,,,,,,,,,,,,,,,,,,,,,,,,,,,,,,,,,,,,,,,,06/20/17,Michelle Abascal,27/07/2017,James Simons,,
ACT_7S,Smac.9,Year,Scomberomorus maculatus,Scomberomorus maculatus,Gut Content,2337,656,0.281,1681,0.719,,,,,,,,,,,,,,,,,,,,,,,,,,,,,,,,,,,,,,,,,,,,,,06/20/17,Michelle Abascal,27/07/2017,James Simons,,
ACT_7S,Smac.10,Season (SSFW),Scomberomorus maculatus,Scomberomorus maculatus,Gut Content,,,,,,,,,,,,,,,,,,,,,,,,,,,,,,,,,,,,,,,,,,,,,,,,,,,06/20/17,Michelle Abascal,27/07/2017,James Simons,,
ACT_7S,Smac.11,Season (SSFW),Scomberomorus maculatus,Scomberomorus maculatus,Gut Content,,,,,,,,,,,,,,,,,,,,,,,,,,,,,,,,,,,,,,,,,,,,,,,,,,,06/20/17,Michelle Abascal,27/07/2017,James Simons,,
ACT_7S,Smac.12,Season (SSFW),Scomberomorus maculatus,Scomberomorus maculatus,Gut Content,,,,,,,,,,,,,,,,,,,,,,,,,,,,,,,,,,,,,,,,,,,,,,,,,,,06/20/17,Michelle Abascal,27/07/2017,James Simons,,
ACT_7S,Smac.13,Season (SSFW),Scomberomorus maculatus,Scomberomorus maculatus,Gut Content,,,,,,,,,,,,,,,,,,,,,,,,,,,,,,,,,,,,,,,,,,,,,,,,,,,06/20/17,Michelle Abascal,27/07/2017,James Simons,,
ACT_7S,Smac.14,Season (SSFW),Scomberomorus maculatus,Scomberomorus maculatus,Gut Content,,,,,,,,,,,,,,,,,,,,,,,,,,,,,,,,,,,,,,,,,,,,,,,,,,,06/20/17,Michelle Abascal,27/07/2017,James Simons,,
ACT_8S,Chip.1,Location,Caranx hippos,Caranx hippos,Gut content,361,199,0.65,162,0.45,,,,,FL,100,999,,,,,,,,,,,,,,,,,,,,,,,,,,,,,,,,,,,,,,,06/23/17,Michelle Abascal,27/07/2017,James Simons,,
ACT_8S,Chip.2,Location,Caranx hippos,Caranx hippos,Gut content,194,103,63,91,0.47,,,,,FL,100,999,,,,,,,,,,,,,,,,,,,,,,,,,,,,,,,,,,,,,,,06/23/17,Michelle Abascal,27/07/2017,James Simons,,
ACT_8S,Chip.3,Location,Caranx hippos,Caranx hippos,Gut content,2860,1715,0.6,1145,0.4,,,,,FL,100,999,,,,,,,,,,,,,,,,,,,,,,,,,,,,,,,,,,,,,,,06/23/17,Michelle Abascal,27/07/2017,James Simons,,
ACT_8S,Chip.4,Location,Caranx hippos,Caranx hippos,Gut content,72,51,0.71,21,0.29,,,,,FL,100,999,,,,,,,,,,,,,,,,,,,,,,,,,,,,,,,,,,,,,,,06/23/17,Michelle Abascal,27/07/2017,James Simons,,
ACT_8S,Chip.5,Location,Caranx hippos,Caranx hippos,Gut content,136,125,0.92,11,0.08,,,,,FL,100,999,,,,,,,,,,,,,,,,,,,,,,,,,,,,,,,,,,,,,,,06/23/17,Michelle Abascal,27/07/2017,James Simons,,
ACT_8S,Chip.6,Size,Caranx hippos,Caranx hippos,Gut content,1381,563,0.41,818,0.59,,,,,FL,100,399,,,,,,,,,,,,,,,,,,,,,,,,,,,,,,,,,,,,,,,06/23/17,Michelle Abascal,27/07/2017,James Simons,,
ACT_8S,Chip.7,Size,Caranx hippos,Caranx hippos,Gut content,157,93,0.59,64,0.41,,,,,FL,400,699,,,,,,,,,,,,,,,,,,,,,,,,,,,,,,,,,,,,,,,06/23/17,Michelle Abascal,27/07/2017,James Simons,,
ACT_8S,Chip.8,Size,Caranx hippos,Caranx hippos,Gut content,1322,1059,0.8,263,0.2,,,,,FL,700,999,,,,,,,,,,,,,,,,,,,,,,,,,,,,,,,,,,,,,,,06/23/17,Michelle Abascal,27/07/2017,James Simons,,
ACT_8S,Chip.9,Year,Caranx hippos,Caranx hippos,Gut content,,615,,,,,,,,FL,100,999,,,,,,,,,,,,,,,,,,,,,,,,,,,,,,,,,,,,,,,06/23/17,Michelle Abascal,27/07/2017,James Simons,,
ACT_8S,Chip.10,Year,Caranx hippos,Caranx hippos,Gut content,,1100,,,,,,,,FL,100,999,,,,,,,,,,,,,,,,,,,,,,,,,,,,,,,,,,,,,,,06/23/17,Michelle Abascal,27/07/2017,James Simons,,
ACT_8S,Chip.11,Season (SSFW),Caranx hippos,Caranx hippos,Gut content,,228,,,,,,,,FL,100,999,,,,,,,,,,,,,,,,,,,,,,,,,,,,,,,,,,,,,,,06/23/17,Michelle Abascal,27/07/2017,James Simons,,
ACT_8S,Chip.12,Season (SSFW),Caranx hippos,Caranx hippos,Gut content,,760,,,,,,,,FL,100,999,,,,,,,,,,,,,,,,,,,,,,,,,,,,,,,,,,,,,,,06/23/17,Michelle Abascal,27/07/2017,James Simons,,
ACT_8S,Chip.13,Season (SSFW),Caranx hippos,Caranx hippos,Gut content,,727,,,,,,,,FL,100,999,,,,,,,,,,,,,,,,,,,,,,,,,,,,,,,,,,,,,,,06/23/17,Michelle Abascal,27/07/2017,James Simons,,
